company name,location
Aicher Präzisionstechnik GmbH & Co. KG,Königsheim
ETG ELASTOMER-TECHNIK GEDERN GmbH,Gedern
Joyson Safety Systems Aschaffenburg GmbH,Aschaffenburg
e:fs TechHub GmbH,Gaimersheim
KYOCERA AVX Components (Werne) GmbH,Werne
Haweka Aktiengesellschaft,Burgwedel
SMARTRAC Specialty GmbH,Reichshof
Cohline GmbH Schlauchleitungssysteme,Dillenburg
Hanns Glass GmbH & Co. KG,Meuselwitz
Banner Batterien Deutschland GmbH,Allershausen
odelo GmbH,Stuttgart
Musashi Bad Sobernheim GmbH & Co. KG,Bad Sobernheim
SCHERDEL Wiesauplast Deutschland GmbH,Wiesau
Schuster Kunststofftechnik GmbH,Waltershausen
VOSS Automotive Valves and Actuators GmbH,Gründau
FORMTEIL- UND SCHRAUBENWERK,Finsterwalde
Magna Mirrors Schleiz GmbH,Schleiz
H+E Molding Solutions GmbH,Ittlingen
PTO PolymerTechnik Ortrand GmbH,Ortrand
HS-Schoch GmbH,Lauchheim
Beutlhauser GmbH & Co. KG,Salzweg
Behr-Hella/Faurecia,Lippstadt
Henniges Automotive GmbH & Co. KG,Rehburg-Loccum
ABT Sportsline GmbH,Kempten (Allgäu)
GEDIA Gebrüder Dingerkus GmbH,Attendorn
Melexis GmbH,Erfurt
Ricardo GmbH,Schwäbisch Gmünd
Dieter Braun GmbH,Bayreuth
Craemer GmbH,Herzebrock-Clarholz
Saxonia Umformtechnik GmbH,Göppingen
Alutrim Europe GmbH,Kyritz
ALUCA GmbH,Rosengarten
Bruker-Spaleck GmbH,Hardt
JOPP Holding GmbH,Bad Neustadt an der Saale
ACPS Automotive GmbH,Ingersheim
Magna Spiegelsysteme GmbH,Assamstadt
Innomotive Systems Hainichen GmbH,Hainichen
SCHWEIZER ELECTRONIC AG,Schramberg
Gestamp Griwe Westerburg GmbH,Westerburg
CP Tech GmbH,Büren
Antolin Straubing GmbH,Straubing
CMC Klebetechnik GmbH,Frankenthal
Molex Elektronik GmbH,Ettlingen
Hornschuch Stolzenau GmbH,Stolzenau
LWB Steinl GmbH & Co. KG,Altdorf
SODECIA Safety & Mobility,Attendorn
FEUER powertrain GmbH & Co. KG,Nordhausen
SKF ECONOMOS Deutschland GmbH,Bietigheim-Bissingen
CCL Design Stuttgart GmbH,Ehningen
Weber GmbH & Co. KG,Dillenburg
RaceChip Chiptuning GmbH & Co KG,Göppingen
BCS Automotive Interface Solutions GmbH,Radolfzell am Bodensee
Fujikura Automotive Europe GmbH,Wolfsburg
Bader GmbH & Co. KG,Göppingen
Bosch Mahle Turbo Systems,Stuttgart
Rhodius GmbH,Weißenburg in Bayern
MVO GmbH,Schwäbisch Gmünd
IHI Charging Systems International GmbH,Amt Wachsenburg OT Ichtershausen
Hilite Germany GmbH,Marktheidenfeld
cellcentric GmbH & Co. KG,Kirchheim unter Teck
Pulse Electronics GmbH,München
Sortimo International GmbH,Zusmarshausen
Hanon Systems Deutschland GmbH,Kerpen
Umicore Galvanotechnik GmbH,Schwäbisch Gmünd
Otto Vollmann GmbH & Co KG,Gevelsberg
SYNTEKS Umformtechnik GmbH,Zwönitz
AZ Ausrüstung und Zubehör,Hattingen
DBW Advanced Fiber Technologies GmbH,Bovenden
ViGEM GmbH,Karlsruhe
Finow Automotive GmbH,Eberswalde
SCHÖNEWEISS & CO GmbH,Hagen
Drexler Automotive GmbH,Salzweg
BIA Kunststoff- und Galvanotechnik,Solingen
Ruhrtaler Gesenkschmiede,Witten
EuropTec GmbH,Goslar
High Precision Components Witten GmbH,Witten
ELDISY GmbH,Gardelegen
ELEKTRA GmbH,Schalkau
iwis smart connect GmbH,Rieden am Forggensee
ClimAir PLAVA-Kunststoffe GmbH,Karben
ELWEMA Automotive GmbH,Ellwangen (Jagst)
Brembo SGL Carbon Ceramic Brakes GmbH,Meitingen
ACTIVLINE Autozubehör GmbH & Co. KG,Simmern
Dr. Freist Automotive Bielefeld GmbH,Bielefeld
Salzgitter Hydroforming GmbH & Co. KG,Crimmitschau
TECLAC Werner GmbH,Fulda
NIFCO Germany GmbH,Weißenburg in Bayern
voestalpine Automotive Components,Dettingen an der Erms
IMR Deutschland GmbH,Peine
Wagon Automotive Nagold GmbH,Nagold
Volta Kraftfahrzeug-Elektrozubehör-,Malsch
Hänsch GmbH,Herzlake
Rollax GmbH & Co. KG,Bad Salzuflen
Superior Industries Leichtmetallräder,Bad Dürkheim
WIHAG Fahrzeugbausysteme GmbH,Bielefeld
Witzenmann Hamburg GmbH,Stapelfeld
Sensata Technologies GmbH,Berlin
Antolin Massen GmbH,Massen-Niederlausitz
MÖVE Fahrzeugsitze GmbH,Mühlhausen/Thüringen
Federal-Mogul Bremsbelag GmbH,Glinde
WAFA Germany GmbH,Augsburg
Pefra Aktiengesellschaft,Eching
Knott GmbH,Eggstätt
KBE Elektrotechnik GmbH,Berlin
AURORA Konrad G. Schulz GmbH & Co. KG,Mudau
smk systeme metall kunststoff,Filderstadt
Metaldyne GmbH,Zell am Harmersbach
HKR Automotive GmbH,Kupferzell
FKT GmbH,Pförring
Thun Automotive GmbH,Gevelsberg
hofer Aktiengesellschaft,Nürtingen
Timken GmbH,Düsseldorf
OKE Group GmbH,Hörstel
Oetiker Deutschland GmbH,Endingen am Kaiserstuhl
EUROTOP GmbH & Co. KG,Frickenhausen
Accuride Wheels Solingen GmbH,Solingen
SKT GmbH,Obrigheim
Hör Technologie GmbH,Weiden in der Oberpfalz
L&P Automotive Europe GmbH,Nürnberg
GKN Driveline Trier GmbH,Trier
Limbacher Bremsbelag GmbH,Penig
Molex CVS Dabendorf GmbH,Zossen
Hehnke GmbH & Co. KG,Steinbach-Hallenberg
Fischer & Kaufmann GmbH & Co. KG,Finnentrop
Alfred Heyd GmbH u. Co. KG,Bietigheim-Bissingen
Nobo Automotive Systems Germany GmbH,Überherrn
BRUSS Sealing Systems GmbH,Hoisdorf
Sinterwerke Herne GmbH,Herne
Carcoustics International GmbH,Leverkusen
hinderer + mühlich GmbH & Co. KG,Göppingen
Baumgarten automotive technics GmbH,Burbach
Mühlhoff Umformtechnik GmbH,Uedem
Köberlein & Seigert GmbH,Grabfeld
Weiss Automotive GmbH,Appenweier
SODECIA Safety & Mobility Attendorn GmbH,Attendorn
HERE Deutschland GmbH & Co. KG,Berlin
ESKA Automotive GmbH,Chemnitz
Bäringhaus & Hunger GmbH,Grünhainichen
Hunger GmbH & Co,Frankenberg/Sachsen
U-Shin Deutschland GmbH,Erdweg
Kasai (Germany) GmbH,Wolfsburg
ROWA Friedrich Rothmund GmbH & Co. KG,Aalen
Linamar Antriebstechnik GmbH,Crimmitschau
Dr. Freist Automotive GmbH,Goslar
Wilhelm Kächele GmbH,Weilheim an der Teck
Eissmann Automotive Deutschland GmbH,Bad Urach
Georg Fritzmeier - GmbH & Co. KG,Aying
J.H. Ziegler GmbH,Achern
Grüner Systemtechnik GmbH & Co. KG,Bad Überkingen
plastic concept gmbh,Neusalza-Spremberg
SumiRiko AVS Germany GmbH,Steinau an der Straße
Magna BÖCO GmbH,Wuppertal
Carl Wilhelm Cleff GmbH & Co. KG,Wuppertal
Feinmetall GmbH,Herrenberg
Keune & Lauber GmbH,Bad Berleburg
Magna Car Top Systems GmbH,Bietigheim-Bissingen
NTN Wälzlager (Europa) GmbH,Erkrath
NTN Antriebstechnik GmbH,Gardelegen
INTAX Innovative Fahrzeuglösungen GmbH,Oldenburg (Oldenburg)
Yazaki Europe Limited,Köln
JFK Rings GmbH,Gera
Klafky GmbH & Co. KG,Villingen-Schwenningen
Polymer-Technik Elbe GmbH,Lutherstadt Wittenberg
JOYSONQUIN Automotive Systems GmbH,Rutesheim
Sand Profile GmbH,Stockstadt am Main
FWB Kunststofftechnik GmbH,Pirmasens
Yanfeng International Automotive,Neuss
BBS GmbH,Schiltach
ISOLITE GmbH,Ludwigshafen am Rhein
FEW Fahrzeugelektrik Werk GmbH & Co. KG,Zwenkau
WEBER GmbH,Aschaffenburg
Koller Formenbau GmbH,Dietfurt an der Altmühl
Farmingtons Automotive GmbH,Georgsmarienhütte
Gates GmbH,Aachen
Hubert Schlieckmann GmbH,Harsewinkel OT Marienfeld
Thomas Magnete GmbH,Herdorf
PM Automotive GmbH,Wilkau-Haßlau
NIDEC MOTORS & ACTUATORS,Bietigheim-Bissingen
R+W Antriebselemente GmbH,Wörth am Main
KIPP GmbH & Co. KG,Sulz am Neckar
Boryszew Kunststofftechnik,Gardelegen
Diesel Technic SE,Kirchdorf
Feintool System Parts Obertshausen GmbH,Obertshausen
UKM technologies GmbH,Reinsberg
Umformtechnik Radebeul GmbH,Radebeul
BOA Metal Solutions GmbH,Stutensee
Guardian Flachglas GmbH,Bitterfeld-Wolfen
UMFOTEC GmbH,Northeim
Arthur Langenhan GmbH & Co. KG,Olpe
Kromberg & Schubert GmbH & Co. KG,Renningen
August Storm GmbH & Co. KG,Spelle
allsafe GmbH & Co. KG,Engen
helag-electronic GmbH,Nagold
Wildauer Schmiede- und,Wildau
Kohlhage Automotive GmbH & Co. KG,Neuenrade
ATERA GmbH,Leutkirch im Allgäu
Martin Metallverarbeitung GmbH,Ebersdorf b.Coburg
Ascorium GmbH,Königswinter
Neapco Europe GmbH,Düren
Wagner Automotive GmbH,Kelberg
LISI Automotive Knipping,Kierspe
Maxion Wheels Werke GmbH,Königswinter
WALOR Vöhrenbach GmbH,Vöhrenbach
Mektec Europe Sales GmbH,Weinheim
Roth GmbH & Co. KG,Nürnberg
KOHL-GRUPPE AG,Köln
MA AUTOMOTIVE DEUTSCHLAND GmbH,Treuen
Rotovia Germany GmbH,Hockenheim
Boryszew Formenbau Deutschland GmbH,Doberschau-Gaußig
Gentex GmbH,Erlenbach
Schmiedetechnik Plettenberg,Plettenberg
AL-KO Technology Paderborn GmbH,Paderborn
HEWI G. Winker GmbH & Co. KG,Spaichingen
Horizon Global Germany GmbH,Hartha
REBO Lighting & Electronics GmbH,Eisenach
Silver Atena GmbH,München
Musashi Luechow GmbH,Lüchow (Wendland)
Dr. Franz Schneider GmbH,Föritztal OT Judenbach
Hörmann Automotive Gustavsburg GmbH,Ginsheim-Gustavsburg
Steel Automotive GmbH,Großbottwar
Prinz & Co. GmbH Stahlrohre,Wickede (Ruhr)
Müller GmbH Formenbau,Breidenbach
MHG Fahrzeugtechnik GmbH,Heubach
müller co-ax ag,Forchtenberg
Volkswagen Infotainment GmbH,Bochum
DENSO AUTOMOTIVE Deutschland GmbH,Eching
Integral Accumulator GmbH,Weinheim
ae group ag,Gerstungen
Eppsteiner Apparatebau GmbH Sitz Elz,Elz
Nölle-Pepin GmbH & Co. KG,Schwelm
FEP Fahrzeugelektrik Pirna GmbH & Co. KG,Pirna
Casco Schoeller GmbH,Frankfurt am Main
tmax Germany GmbH,Mannheim
Oberaigner Automotive GmbH,Laage
Bharat Forge Aluminiumtechnik GmbH,Brand-Erbisdorf
Karl Georg Schobert,Aschaffenburg
Frauenthal Airtank Elterlein GmbH,Elterlein
VOIT Automotive GmbH,St. Ingbert
oso precision GmbH,Plettenberg
Rasche Umformtechnik GmbH & Co. KG,Plettenberg
KIRCHHOFF Mobility GmbH & Co. KG,Hilden
KDK Automotive GmbH,Wächtersbach
Eggers-Fahrzeugbau GmbH,Stuhr
HITEGA Präzisionsmechanik GmbH,Gangkofen
Jörg Vogelsang GmbH & Co. KG,Hagen
Maincor Rohrsysteme GmbH & Co. KG,Schweinfurt
OEKA TECH Automotive GmbH,Bamberg
Snop Automotive Cologne GmbH,Köln
Metallwerk Biebighäuser GmbH,Leverkusen
PRINZ VERBINDUNGSELEMENTE GMBH,Plettenberg
Schweizer Group Global GmbH,Hattenhofen
BREMSKERL REIBBELAGWERKE,Estorf
Kongsberg Automotive GmbH,Hallbergmoos
LISI AUTOMOTIVE Mecano GmbH,Heidelberg
LISI AUTOMOTIVE KKP GmbH & Co. KG,Mellrichstadt
PEX Automotive GmbH,Pfullingen
IDH Anlagenbau und Montage GmbH,Glauchau
XBond GmbH & Co. KG,Ahaus
Heinrich Huhn Deutschland GmbH,Drolshagen
Rudolf Rafflenbeul Stahlwarenfabrik,Hagen
BRUSS Werk Brieselang GmbH & Co. KG,Brieselang
Falkenroth Umformtechnik GmbH,Schalksmühle
Rieger GmbH,Villingen-Schwenningen
Elektrobit Automotive GmbH,Erlangen
Happich GmbH,Wuppertal
Bruno Weisser GmbH & Co. KG,Neresheim
Konvekta Aktiengesellschaft,Schwalmstadt
Süddeutsche Gelenkscheibenfabrik,Waldkraiburg
KOKI TECHNIK,Niederwürschnitz
CCM Compressor & Components,Chemnitz
WKW Aktiengesellschaft,Velbert
Wolverine Advanced Materials GmbH,Öhringen
Globus Gummiwerke GmbH,Ahrensbök
Cotarko GmbH,Köln
Feldmann Türsysteme GmbH,Velbert
INNO FRICTION GmbH,Hamm (Sieg)
Elektro-Metall Export GmbH,Ingolstadt
Salzmann Kühler GmbH,Rielasingen-Worblingen
PLDS Germany GmbH,Wetzlar
C. F. Maier GmbH & Co KG,Königsbronn
L. Schaible GmbH & Co. KG,Villingen-Schwenningen
Auto Heinen GmbH,Bad Münstereifel
HEYCO-WERK,Remscheid
Schieffer GmbH & Co. KG,Lippstadt
Selzer Fertigungstechnik GmbH & Co. KG,Driedorf
Pfinder KG,Böblingen
A. Kayser Automotive Systems GmbH,Einbeck
Klubert + Schmidt GmbH,Pottenstein
NAF Neunkirchener Achsenfabrik AG,Neunkirchen am Brand
SEEGER ORBIS GmbH,Königstein im Taunus
Ehmann & Partner GmbH,Gundelsheim
Alcar Leichtmetallräder GmbH,Siegburg
Hermann Schnierle GmbH,Gersthofen
Schöler GmbH,Ratekau OT Pansdorf
BAA Boysen Abgassysteme Achim GmbH & Co. KG,Achim
BAP Boysen Abgassysteme Plauen GmbH Co. & KG,Plauen
Metallgießerei Schüle GmbH,Sersheim
Schäfer-Oesterle GmbH,Würzburg
HJS Emission Technology GmbH & Co. KG,Menden (Sauerland)
Dr. Haubitz GmbH & Co. KG,Solingen
HUGO SCHNIPPERING,Kierspe
Haldex GmbH,Heidelberg
Sumitomo Electric Bordnetze SE,Wolfsburg
Auto-Kabel Management GmbH,Hausen im Wiesental
Bock GmbH,Frickenhausen
Schürholz GmbH & Co. KG Stanztechnik,Plettenberg
Karl Etzel GmbH,Mühlacker
Flex Automotive GmbH,Filderstadt
Hammerwerk Fridingen GmbH,Fridingen an der Donau
Schweikert GmbH,Lehrensteinsfeld
ZMT Automotive GmbH & Co. KG,Bruck in der Oberpfalz
Hanomag Aluminium Solutions GmbH,Baunatal
PE Automotive GmbH & Co. KG,Wuppertal
Audi Electronics Venture GmbH,Gaimersheim
RMA-TSK-Kunststoffsysteme GmbH & Co KG,Sömmerda
Senior Flexonics GmbH,Kassel
Hi-Lex Europe GmbH,Schweinfurt
Westfalia-Automotive GmbH,Rheda-Wiedenbrück
NOFFZ Technologies GmbH,Tönisvorst
APCB Automotive Plastic Components,Berlin
Gubesch GmbH,Wilhelmsdorf
Gentherm Präzision SE,Treuchtlingen
Gentherm GmbH,Odelzhausen
Panne Gitterroste GmbH,Greifenstein
Franz Kiel GmbH,Nördlingen
Alhorn GmbH & Co. KG,Lübbecke
Saint-Gobain Performance Plastics,Willich
Accuride Wheels Ebersbach GmbH,Ebersbach an der Fils
PPG Hemmelrath Lackfabrik GmbH,Klingenberg am Main
KACO GmbH + Co. KG,Kirchardt
Veigel GmbH + Co. KG,Öhringen
SUSPA GmbH,Altdorf bei Nürnberg
EBG schroeder GmbH,Kierspe
MicroFuzzy Industrie-Elektronic GmbH,München
Haartz GmbH,Mannheim
Trompetter Guss GmbH & Co. KG,Bindlach
freeglass GmbH & Co. KG,Schwaikheim
Credo-Serve GmbH,Waiblingen
KYB Europe GmbH,Aschheim
KMS Gesenkschmiede GmbH,Solingen
Optibelt GmbH,Höxter
SCHRAMM Coatings GmbH,Offenbach am Main
Ortrander Eisenhütte GmbH,Ortrand
VCST Reichenbach GmbH,Reichenbach im Vogtland OT Mylau
CGR B-E GmbH,Mettmann
International Automotive Components,Düsseldorf
HMT Heldener Metalltechnik GmbH & Co. KG,Attendorn
Kienzle Automotive GmbH,Düsseldorf
Buderus Guss GmbH,Breidenbach
Winning BLW GmbH,Remscheid
NPR of Europe GmbH,Korntal-Münchingen
Dichtungstechnik Wallstabe & Schneider,Niederwinkling
Waldaschaff Automotive GmbH,Waldaschaff
Fuyao Europe GmbH,Leingarten
DELVIS GmbH,Reutlingen
I.G. Bauerhin GmbH,Gründau
Isidro Con Garcia,Velbert
Erich Jaeger GmbH + Co. KG,Friedberg (Hessen)
Kienzle Argo GmbH,Leipzig
Thomatex Auto-Teppich GmbH,Burgheim
Welte-Wenu GmbH,Neu-Ulm
Karosseriewerke Dresden GmbH,Radeberg
Veoneer Germany GmbH,Unterschleißheim
Meleghy Automotive GmbH & Co. KG,Wilnsdorf
voestalpine Automotive Components,Böhmenkirch
voestalpine Automotive Components,Birkenfeld
voestalpine Automotive Components,Schmölln
Kunststofftechnik Wiesmayer GmbH,Neustadt a.d.Donau
FLABEG Automotive Group GmbH,Nürnberg
RADO Gummi GmbH,Radevormwald
Jifeng Automotive Interior GmbH,Kitzingen
Klingel GmbH,Waiblingen
Nanogate SE,Quierschied
WEBER HOLDING GmbH,Markdorf
KW automotive GmbH,Fichtenberg
Rausch & Pausch SE,Selb
Komax Testing Germany GmbH,Porta Westfalica
Wölfle GmbH,Ochsenhausen
GTD Getriebetechnik Dessau GmbH,Dessau-Roßlau
Siebenhaar Antriebstechnik GmbH,Hofgeismar
Global Safety Textiles GmbH,Maulburg
Visteon Holdings GmbH,Karlsruhe
bowe Kunststoff-Solutions GmbH,Diedorf
Martin Stanz- und Umformtechnik GmbH,Parsberg
Zettl Automotive GmbH,Weng
HELBAKO GmbH,Heiligenhaus
MD Elektronik GmbH,Waldkraiburg
PETEX Autoausstattungs-GmbH,Eggenfelden
Chemex Foundry Solutions GmbH,Delligsen
Geiger GmbH,Pretzfeld
Heytex Bramsche GmbH,Bramsche
paragon GmbH & Co. KGaA,Delbrück
Thule GmbH,Neumarkt i.d.OPf.
KAMEI GmbH & Co. KG,Wolfsburg
Valeo Thermal Commercial Vehicles,Gilching
Paul Kauth GmbH & Co. KG,Denkingen
Geiger Automotive GmbH,Murnau am Staffelsee
Schreiner Group GmbH & Co. KG,Oberschleißheim
Minda Schenk Plastic Solutions GmbH,Köngen
AIGO-TEC GmbH,Giengen an der Brenz
Docter Optics SE,Neustadt an der Orla
Köhler Automobiltechnik GmbH,Lippstadt
FELSOMAT GmbH & Co. KG,Königsbach-Stein
Härterei und Qualitätsmanagement GmbH,Leipzig
Wethje Carbon Composites GmbH,Hengersberg
RSG Elotech,Bad Lobenstein
F. Hesterberg & Söhne GmbH & Co. KG,Ennepetal
Stelter Zahnradfabrik GmbH,Bassum
COEXAL GmbH,Georgenthal OT Schönau vor dem Walde
Böckmann Fahrzeugwerke GmbH,Lastrup
GEBRA GmbH & Co.,Hennef (Sieg)
SOGEFI HD SUSPENSIONS Germany GmbH,Hagen
Proseat GmbH & Co. KG,Mörfelden-Walldorf
Franken Guss GmbH & Co. KG,Kitzingen
SchmitterGroup GmbH,Thüngen
Hitachi Astemo Aftermarket Germany GmbH,Espelkamp
Jäger Gummi und Kunststoff GmbH,Hannover
ETO MAGNETIC GmbH,Stockach
Bergmann Automotive GmbH,Barsinghausen
Maschinenfabrik Guido GmbH,Neutraubling
WEGU Holding GmbH,Kassel
BJ Automotive GmbH,Hamm
Valeo GmbH,Friedrichsdorf
MSSC AHLE GmbH,Lindlar
HAL Aluminiumguss Leipzig GmbH,Leipzig
KLT Hummel Plastic GmbH,Schweinfurt
Akkumulatorenfabrik Moll,Bad Staffelstein
Autoneum Germany GmbH,Roßdorf
Eisenwerk Hasenclever & Sohn GmbH,Battenberg (Eder)
ALCAR DEUTSCHLAND GMBH,Siegburg
IndiKar Individual Karosseriebau GmbH,Wilkau-Haßlau
Metob Beschichtungen GmbH,Michelau
GTG Gummitechnik,Gundelfingen a.d.Donau
SKF Lubrication Systems Germany GmbH,Walldorf
Gersfelder Metallwaren GmbH,Gersfeld (Rhön)
Jokon GmbH,Bonn
Philippine GmbH & Co.,Lahnstein
Erich Utsch AG,Siegen
Baumgarten GmbH,Daaden
MAT Foundries Europe GmbH,Ueckermünde
BFG Feinguss GmbH,Moers
Ibeo Automotive Systems GmbH,Hamburg
C+M Utescheny Spritzgießtechnik GmbH,Zaisenhausen
Sika Automotive Frankfurt-Worms GmbH,Worms
Kjellberg-Holding GmbH,Finsterwalde
Walter Automobiltechnik GmbH,Berlin
PIAD GmbH,Solingen
Culimeta Automotive Darmstadt GmbH,Darmstadt
WELCO GmbH & Co. KG,Bruck in der Oberpfalz
Batal Präzisionswellen GmbH,Lauf an der Pegnitz
Neuman Aluminium Fließpresswerk GmbH,Rottenburg am Neckar
Automotive Interior World,Neuensalz
MFT Motoren und Fahrzeugtechnik GmbH,Cunewalde
MT Technologies GmbH,Ingolstadt
STEMA Metalleichtbau GmbH,Großenhain
AGA Zerspanungstechnik Gera GmbH,Gera
Kümmel Fahrzeugteile GmbH & Co. KG,Schlotheim
Musashi Hann. Muenden Machining GmbH & Co. KG,Hann. Münden
ModellTechnik Rapid Prototyping GmbH,Waltershausen
MöllerTech Thüringen GmbH,Ohrdruf
Sedlmayer GmbH,Triptis
Richard Fritz Holding GmbH,Besigheim
Atlas Copco IAS GmbH,Bretten
BING Power Systems GmbH,Nürnberg
DMB Metallverarbeitung GmbH,Grünhain-Beierfeld
Hirotec Bucher GmbH,Eislingen/Fils
Ernst-Apparatebau GmbH,Hagen
FEMEG Feinmechanik + Gerätebau,Kirchheimbolanden
Kauth Finnentrop GmbH & Co KG,Finnentrop
Steinkamp Maschinenbau,Espelkamp
Langen CNC Metalltechnik GmbH & Co. KG,Hilkenbrook
Hörauf & Kohler GmbH,Augsburg
Performance GmbH,Bobingen
Fietz GmbH,Burscheid
Inteva Products Europe GmbH,Solingen
PEINER Umformtechnik GmbH,Peine
PARAVAN GmbH,Pfronstetten
Top Tech Rainer Wirtz e.K.,Grafschaft
Schleicher Fahrzeugteile GmbH & Co. KG,München
AET - Auto-Ersatzteile-Großhandel GmbH,Reutlingen
A.+ E. Keller GmbH & Co. KG,Arnsberg
P. C. Turck,Lüdenscheid
element GmbH,Bruckmühl
Gebhardt Werkzeug- u. Maschinenbau GmbH,Baienfurt
Gebr. Binder GmbH Metallwarenfabrik,Neenstetten
Hanwha Advanced Materials Germany GmbH,Dietfurt an der Altmühl
ITW Global Tire Repair Europe GmbH,Owingen
Trucktec Automotive GmbH,St. Ingbert
SCHROTH Safety Products GmbH,Arnsberg
Grohmann Aluworks GmbH & Co. KG,Bisingen
Gebr. Steller,Halver
Lydall Gerhardi GmbH & Co. KG,Meinerzhagen
Kokinetics GmbH,Kriftel
TR Plast GmbH,Neumarkt i.d.OPf.
J & S GmbH Automotive Technology,Wustermark
Werner Gießler GmbH,Elzach
Possehl Electronics Wackersdorf GmbH,Wackersdorf
AVO Carbon Germany GmbH,Frankfurt am Main
OBD Precision GmbH,Gaildorf
RUPF INDUSTRIES GmbH,Königstein im Taunus
FICOSA INTERNATIONAL GmbH,Wolfenbüttel
voestalpine Rotec GmbH & Co. KG,Annweiler am Trifels
Gummi- u. Kunststoffwerk G. Schönek,Nittenau
Weberit Plastics Technologies GmbH,Oberlahr
capricorn AUTOMOTIVE GmbH,Düsseldorf
Ravensberger Schmierstoffvertrieb GmbH,Werther (Westfalen)
Biermann und Kröger,Rendsburg
HONASCO Kunststofftechnik,Bad Salzuflen
RÜSTER GmbH,Deggingen
IZOBLOK GmbH,Ohrdruf
Kunststoff Helmbrechts AG,Helmbrechts
BEDIA Motorentechnik GmbH & Co. KG,Altdorf bei Nürnberg
Suroflex GmbH,Sulzbach-Rosenberg
Peter Wahl GmbH & Co. KG,Kreuzwertheim
Schabmüller Automobiltechnik GmbH,Ingolstadt
Sonplas GmbH Planung Montage,Straubing
W. u. E. Rau GmbH & Co. KG,Eggenfelden
Megatech Industries Deutschland GmbH,Feldkirchen
Walther Flender GmbH,Düsseldorf
WMU Weser Metall Umformtechnik GmbH,Hann. Münden
Alux-Luxar GmbH & Co. KG,Korschenbroich
Novares Löhne GmbH,Löhne
Gerep Maschinenbaugesellschaft mbH,Suderburg
Bleistahl-Produktions GmbH & Co. KG,Wetter (Ruhr)
Heinze Gruppe GmbH,Herford
Litens Automotive GmbH & Co. KG,Gelnhausen
Wagner GmbH & Co. Fahrzeugteilefabrik KG,Fulda
Türk + Hillinger Automotive GmbH,Tuttlingen
Läpple Automotive GmbH,Teublitz
Compact Dynamics GmbH,Starnberg
Fischer Oberflächentechnologie GmbH,Katzenelnbogen
MAO Automotive GmbH & Co. KG,Stuttgart
Lemförder Electronic GmbH,Espelkamp
ETM Engineering,Saalburg-Ebersdorf
KmB Technologie GmbH,Zerbst/Anhalt
Leiber Group GmbH & Co KG,Emmingen-Liptingen
Leibold & Amann GmbH u. Co.KG,Wellendingen
cema-tech GmbH + Co. KG,Dömitz
Hewa Leder GmbH,Rehau
Riachtschieko Automotive GmbH & Co. KG,Remscheid
Groß Präzisionsdrehteile GmbH,Böhmenkirch
McGard Deutschland GmbH,Nordheim
TECHNOMATIK GmbH,Dietramszell
Umformtechnik Crimmitschau GmbH,Crimmitschau
Winter Fahrzeugtechnik GmbH,Eichenzell
Automobilscharniere Hasten GmbH + Co. KG,Remscheid
Hankensbütteler Kunststoffverarbeitung,Hankensbüttel
Hörmann Automotive Wackersdorf GmbH,Wackersdorf
Diewe Wheels GmbH,Kissing
Bond-Laminates GmbH,Brilon
STRÄHLE+HESS GmbH,Althengstett
Stöferle GmbH,Laupheim
Reutter GmbH,Leutenbach
O & K Antriebstechnik GmbH,Hattingen
Druckguß Eberhard Schlicht GmbH & Co. KG,Holzminden
HS Automotive GmbH,Engelbrechtsche Wildnis
Götting KG,Lehrte
Finova Feinschneidtechnik GmbH,Remscheid
S&R Eisenmann GmbH,Hemmingen
Sika Automotive Hamburg GmbH,Hamburg
JKL Kunststoff Lackierung GmbH,Ottendorf-Okrilla
Henrich Holding GmbH,Daaden
HEPU Autoteile GmbH,Kalletal
Harald Berfelde GmbH,Gerlingen
soft trim seating sts GmbH,Dresden
PEKA Spritzguss GmbH,Velbert
Kurt Erxleben GmbH & Co. KG,Wildeshausen
Herbert Richter Metallwaren,Pforzheim
König Automotive GmbH,Appenweier
Hugo Bauer GmbH & Co. KG,Solingen
TuP GmbH,Markneukirchen
MC Syncro Supply GmbH,Köln
Otto Zimmermann Maschinen-,Sinsheim
Hagl GmbH,Attenkirchen
DMOS GmbH,Dresden
EMS Elektromechanische,Bösel
Franz Sauermann GmbH,Hohenwart
Otto Kuhlmann,Hemer
Hörmann Automotive Eislingen GmbH,Ebersbach an der Fils
INFILTEC GmbH Herstellung und Vertrieb,Speyer
Andre Niermann automotive,Steinhagen
Hugo Karrenberg & Sohn GmbH & Co. KG,Velbert
Sonnplast GmbH,Sonneberg
Nikko Presswerk GmbH,Saterland
RUPF ATG Casting GmbH,Bretten
EURAC Lemgo GmbH,Lemgo
Fremach GmbH,Weilmünster
AAM Germany GmbH,Bad Homburg v. d. Höhe
Huber Automotive AG,Mühlhausen im Täle
Halung AG,Döllstädt
paragon semvox GmbH,Saarbrücken
PMA/TOOLS AG,Willich
G S T GmbH GERMAN SENSOR TECHNOLOGY,Holzgerlingen
Adval Tech (Germany) GmbH & Co. KG,Endingen am Kaiserstuhl
Palas GmbH,Karlsruhe
Gebrüder Schneider GmbH,Hachenburg
Gerdes GmbH,Kerpen
Mertens GmbH & Co.,Gütersloh
Arkal Automotive GmbH,Auengrund
KICO GmbH,Halver
dressel prototec gmbh,Sonnefeld
FUBA Automotive Electronics GmbH,Bad Salzdetfurth
Wind River GmbH,Ismaning
ErMa-Tec GmbH,St. Ingbert
Thermal Management Solutions,Oberboihingen
AST (Advanced Sensor Technologies),Calw
Danfoss Silicon Power GmbH,Flensburg
Kohl Automotive GmbH,Treuenbrietzen
Black Falcon GmbH & Co. KG,Meuspath
Hirotec Europe GmbH,Leonberg
P.C.S. Precision Works Germany GmbH,Cunewalde
Opel ACC GmbH,Kaiserslautern
Adient Metal Forming Technologies GmbH,Solingen
Proseat Schwarzheide GmbH,Schwarzheide
Amvian Automotive (Europe) GmbH,Geiselhöring
Hella Fahrzeugkomponenten GmbH,Bremen
WITTE Bitburg GmbH,Bitburg
Sungwoo Hitech GmbH,Niederaichbach
Webasto Schierling GmbH,Schierling
LEONI Draht GmbH,Weißenburg in Bayern
Modine Neuenkirchen GmbH,Neuenkirchen
BHC Gummi-Metall GmbH,Meckenheim
KHT Fahrzeugteile GmbH,Grevenbroich
BOS Plastics Systems Trusetal GmbH,Brotterode-Trusetal
