company name,Company Url,location
A. Monforts Textilmaschinen GmbH & Co. KG,https://www.monforts.de,Mönchengladbach
ALZMETALL GmbH & Co. KG,https://alzmetall.de,Altenmarkt an der Alz
bdg Gesellschaft für Montage- und Prüfsysteme,https://bdg-online.de,Künzelsau
Bellmer GmbH,https://www.bellmer.com,Niefern-Öschelbronn
BMA Braunschweigische Maschinenbauanstalt GmbH,https://www.bma-worldwide.com,Braunschweig
Christian Pfeiffer Maschinenfabrik GmbH,https://www.christianpfeiffer.com/en/,Beckum
DIENST Packsystems GmbH,https://www.dienst-packsystems.de,Hofheim am Taunus
ERMAFA Sondermaschinen- und Anlagenbau GmbH,https://ermafa.de,Chemnitz
Franz Ruberg & Co GmbH,https://franz-ruberg.de,Nieheim
Gerätebau Wiedtal Schützeichel GmbH & Co. KG,https://www.schuetzeichel.de,Neustadt (Wied)
GHD Georg Hartmann Maschinenbau GmbH,https://www.ghd.net,Delbrück
Gottlob Stahl Wäschereimaschinenbau GmbH,https://stahl-waeschereimaschinen.de,Sindelfingen
Groenveld-BEKA Zentralschmieranlagen,https://www.groenveld-beka.com,
HEINRICH WAGNER SINTO Maschinenfabrik GmbH,https://www.wagner-sinto.de/de/,Bad Laasphe
Heinz & Feld GmbH Präzisions- und Sondermaschinenbau,https://www.heinz-feld.de,Saarwellingen
Herrmann Ultraschalltechnik GmbH & Co. KG,https://www.herrmannultraschall.com/de/,Karlsbad
NAGEL Maschinen- und Werkzeugfabrik GmbH,https://www.nagel.com,Nürtingen
Pfaff-silberblau,https://www.pfaff-silberblau.com,Kissing
PLAKOMA GmbH,https://www.plakoma.de/de/,Nalbach
Polyplan-GmbH,https://www.polyplangmbh.de,Straßlach
Regal Rexnord,https://www.regalrexnord.com,Haan
SKR Antriebstechnik GmbH,https://www.skr.biz,Gomadingen
Stahl- und Apparatebau Hans Leffer GmbH & Co. KG,https://www.leffer.de/de/,Saarbrücken
Syntegon Technology GmbH,https://www.syntegon.com/de/,Königsbrunn
telerob Gesellschaft für Fernhantierungstechnik mbH,https://www.telerob.com/de/,Ostfildern
Venjakob Maschinenbau GmbH & Co.,https://www.venjakob.de,Rheda-Wiedenbrück
Werkzeugmaschinenfabrik WALDRICH COBURG,https://www.waldrich-coburg.de,Coburg
Wieneke Anlagenbau und Verfahrenstechnik GmbH,https://www.wieneke.de,Bad Driburg
Wilhelm Bahmüller,https://www.bahmueller.de/de/,Plüderhausen
Wilhelm Fischer Spezialmaschinenfabrik GmbH,https://www.wilhelm-fischer.de,Durach
Wilhelm Severt Maschinenbau GmbH,http://www.severt.de,Vreden
Winkler und Dünnebier Süßwarenmaschinen GmbH,https://www.w-u-d.com/de/,Rengsdorf
WS Wärmeprozesstechnik GmbH,https://flox.com/de/,Renningen
Wulf Johannsen KG GmbH & Co.,https://www.wulf-johannsen.de,Kiel
