Company name,Company Url,Lohnfertigung(True/False),Produkte_1,Produkte_2,Produkte_3,Maschinen_1,Maschinen_2,Maschinen_3,Prozess_1,Prozess_2,Prozess_3
Gluth Systemtechnik GmbH,https://www.gluth.de/,True,Automationslösungen,Formen,Kunststoffteile,Drehmaschinen,Erodiermaschinen,Fräsmaschinen,Drehen,Fräsen,Fügeprozessen
Erbatech GmbH,https://www.erbatech.com/,False,Dachbahnen,Schaltschränke,Textilveredelungen,Färbemaschinen,Imprägnierungsmaschinen,Textilmaschinen,Bleichen,Färben,Imprägnierungen
PPM-Aberle GmbH & Co KG,https://www.ppm-aberle.de/,True,Automobilkomponenten,Baugruppen,Präzisionskomponenten,Automatisierte Kontrollautomaten,CNC-Langdrehautomaten,CNC-Mehrspindler,Drehen,Fräsen,Zerspanen
Mikromat WZM GmbH,https://www.mikromat-wzm.de,True,Automatisierungslösungen,CNC-Bearbeitungszentren,MIKROMAT Rapid Technology,Bohrmaschinen,Drehmaschinen,Fräsmaschinen,CNC-Bearbeitungen,Metallbearbeitungen,Präzisionsfertigungen
Felss Systems GmbH,https://www.felss.com,True,Automatisierungstechnik,Fertigungslösungen,Kaltumformung,Bearbeitungsmaschinen,Drehmaschinen,Erodiermaschinen,CNC-Bearbeitungen,Drehen,Kaltumformungen
Braun Sondermaschinen GmbH,www.braun-sondermaschinen.de,True,Automatisierungslösungen,Beschichtungsanlagen,Fertigungslinien,Drehmaschinen,Erodiermaschinen,Fräsmaschinen,Kleben,Metallbearbeitungen,Montagen
Krebs & Riedel Schleifscheibenfabrik GmbH & Co. KG,www.krebs-riedel.de,True,CBN- und Diamantwerkzeuge,Kunststoff-Produkte,Metall-Produkte,Drehmaschinen,Erodiermaschinen,Fräsmaschinen,Feinschleifen,Kunststoffverarbeitungen,Metallbearbeitungen
Julius Schüle Druckguss GmbH,https://www.schuele.de/,False,Aluminiumteile,Druckgussteile,Komponenten,Fräsmaschinen,Gießmaschinen,Montageanlagen,Druckgüsse,Rührreibschweißen,Zerspanungen
HÄNDLE GmbH Maschinen und Anlagenbau,www.haendle.com,True,Bearbeitungszentren,Extrusionsanlagen,Labor,Drehmaschinen,Erodiermaschinen,Extrusionsmaschinen,Drehen,Erodieren,Extrudieren
Sprimag Spritzmaschinenbau GmbH & Co. KG,https://www.sprimag.com,False,Applikationstechnik,Automatisierungslösungen,Beschichtungsanlagen,Automatisierungstechnik,Lackieranlagen,Prüfmaschinen,Automatisierungen,Nasslackierungen,PVD-Beschichtungen
Fibro Läpple Technology GmbH,https://www.fibro-laepple.de,True,Automationslösungen,Automatisierungslösungen,Bearbeitungszellen,Erodiermaschinen,Fräsmaschinen,Greifer,Handhabungen,Kunststoffverarbeitungen,Metallbearbeitungen
Albert Kerbl GmbH,https://www.kerbl.com/,False,Agricultural Supplies,Animal Husbandry Accessories,Veterinary Equipment,,,,,,
NORDSON Deutschland GmbH,https://www.nordson.com,False,Dichtstoffe,Dispensierungssysteme,Inspektionssysteme,Dispensiermaschinen,Dosieranlagen,Inspektionsmaschinen,Flüssigkeitsdosierungen,Kunststoffverarbeitungen,Metallbearbeitungen
Makita Engineering Germany GmbH,https://www.makita-engineering.de/,False,Akkuwerkzeuge,Elektrowerkzeuge,Handwerkzeuge,Drehmaschinen,Fräsmaschinen,Stanzmaschinen,Kunststoffverarbeitungen,Metallbearbeitungen,
EWM AG,https://www.ewm-group.com,False,Schweißbrenner,Schweißgeräte,Schweißmaschinen,Automatisierte Schweißanlagen,Plasmaschneider,Schweißgeräte,E-Hand-Schweißen,MIG/MAG-Schweißen,Plasmaschneiden
KULLEN-KOTI GmbH,https://www.kullen.de/de/,False,Bürstentechnik,Individuelle Sonderlösungen,Technische Bürsten,Bürstmaschinen,Fräsmaschinen,,Bürstenherstellungen,Entgraten,Oberflächenveredlungen
J. A. Becker & Söhne Maschinenfabrik,http://www.jab-becker.de/,False,Compressed air preparation systems,Compressors,Lifting platforms,Compressors,Hydraulic lifts,,Hydraulische Fertigungen,Metallbearbeitungen,
Gülde GmbH & Co KG Kaltwalzwerk,https://www.guelde.de,True,Baugruppen,Fertigungsteile,Flachdrähte,Drehmaschinen,Fräsmaschinen,Kaltwalzmaschinen,CNC-Bearbeitungen,Kaltwalzen,Montagen
Bullmer GmbH,https://www.bullmer.de,False,Automatisierte Produktionslösungen,Einzellagencutter,Hochlagencutter,CNC Cutter,Laseranlagen,Legemaschinen,Automatisierungen,Legetechnologien,Materialhandling
MHT Mold & Hotrunner Technology AG,https://www.mht-ag.de,True,Anlagen,Heißkanal-Systeme,Maschinen,Drehmaschinen,Erodiermaschinen,Fräsmaschinen,Blechbearbeitungen,Kunststoffverarbeitungen,Metallbearbeitungen
DREISTERN GmbH & Co. KG,http://www.dreistern.com,True,After-Sales-Services,Profiliermaschinen,Rollforming-Systeme,Drehmaschinen,Fräsmaschinen,Profiliermaschinen,Kunststoffverarbeitungen,Metallbearbeitungen,Montageprozessen
Gesellschaft für Oeltechnik mbH,http://www.oeltechnik.com,True,Filteranlagen,Kondensationsanlagen,Kühlsysteme,Blechbearbeitungsmaschinen,Drehmaschinen,Fräsmaschinen,Metallbearbeitungen,Montagen,Oberflächenbehandlungen
Stahl- und Drahtwerk Röslau GmbH,https://www.roeslau-draht.com,False,Drahtgeflechte,Drahtprodukte,Federstahldrähte,Biege- und Formmaschinen,Drahtziehmaschinen,Kaltziehmaschinen,Biegen,Drahtziehen,Kaltziehen
Motortech GmbH,https://www.motortech.de,True,Gasmotorsteuerungssysteme,Gemischregelungssysteme,Sensoren,CNC-Bearbeitungszentren,Drehmaschinen,Fräsmaschinen,Elektronikfertigungen,Kunststoffverarbeitungen,Metallbearbeitungen
Hedelius Maschinenfabrik GmbH,https://www.hedelius.de,True,Bearbeitungszentren,Erodiermaschinen,Fräsmaschinen,Drehmaschinen,Erodiermaschinen,Fräsmaschinen,CNC-Bearbeitungen,Metallbearbeitungen,Oberflächenbehandlungen
F. Zimmermann GmbH,https://www.f-zimmermann.com,False,Bearbeitungszentren,CNC Portalfräsmaschinen,Erodiermaschinen,Erodiermaschinen,Fräsmaschinen,Horizontalbearbeitungszentren,Erodieren,Fräsen,Kunststoffverarbeitungen
Weitmann & Konrad GmbH & Co KG,https://weko.net/de/,False,Flüssigkeitsauftrag,Puderauftrag,Zubehör,Auftragsmaschinen,Sprühmaschinen,,Beschichtungsprozessen,Druckverarbeitungen,
Dietze & Schell Maschinenfabrik GmbH & Co. KG,,True,Schneidanlagen,Spulmaschinen,Texturiermaschinen,Parallelwickler,Präzisionswickler,Verpackungsbandwickler,Schneiden,Texturierungen,Wickeln
Betafence GmbH,https://www.betafence.de,False,Gabionen,Sicherheitslösungen,Tore,Biegemaschinen,Pulverbeschichtungsanlagen,Schneidemaschinen,Metallbearbeitungen,Oberflächenbehandlungen,Pulverbeschichten
REKERS GmbH Maschinen- und Anlagenbau,,False,Betonmisch- und Transportanlagen,Handling Steinformanlagen,Steinformmaschinen,Betonmischanlagen,Handling Systeme,Steinformmaschinen,Form- und Stempelprozessen,Misch- und Dosierprozessen,Veredelungsprozessen
Heinzler Maschinenbau GmbH,https://heinzler-maschinenbau.de/,True,Bleigießerei,Lohnfertigung,,Drehmaschinen,Fräsmaschinen,Schweißanlagen,Drehen,Fräsen,Schweißen
BMI - Bundesverband der Maschinenringe e.V.,https://www.bmi.de/de/,False,Beratung und Unterstützung für Landwirte,Dienstleistungen im Agrarbereich,Laser-Messzeuge,Biegemaschinen,Bodenbearbeitungsmaschinen,Fräsmaschinen,Agrarproduktionen,Holzbearbeitungen,Kunststoffverarbeitungen
Mogatec GmbH,https://www.mogatec.de/de/,True,Gartengeräte,Heckenscheren,OEM Fertigung,Drehmaschinen,Fräsmaschinen,Laserschneidmaschinen,Kunststoffverarbeitungen,Metallbearbeitungen,Montagen
HAMMEL Recyclingtechnik GmbH,https://www.hammel.de/index.php/de/,False,Siebtechnik,Sortiertechnik,Zerkleinerer,Siebmaschinen,Sortieranlagen,Zerkleinerungsmaschinen,,,
Howden,https://www.howden.com,False,Kompressoren,Lösungen für die Luft- und Gasbehandlung,Ventilatoren,Biegemaschinen,Fräsmaschinen,Schweißmaschinen,Bearbeitungen,Montagen,Schweißen
ProKASRO Mechatronik GmbH,https://www.prokasro.de,True,Blechbearbeitung,Lohnfertigung,TV-Inspektionssysteme,Drehmaschinen,Fräsmaschinen,Hydrauliksysteme,Blechbearbeitungen,Kunststoffverarbeitungen,Metallbearbeitungen
Leonhard Breitenbach GmbH,https://www.breitenbach.de,True,Kalanderwalzen,Kunststoffverpackungen,Mischwalzen,Blasformmaschinen,CNC-Maschinen,Gießmaschinen,Blasformen,CNC-Bearbeitungen,Schleudergussverfahren
ASTOR Schneidwerkzeuge GmbH,http://www.astorblades.de,False,Abschneidemesser,Aufschnittmesser,Fräswerkzeuge,Drehmaschinen,Erodiermaschinen,Fräsmaschinen,Kunststoffverarbeitungen,Metallbearbeitungen,Wärmebehandlungen
Elektrowerkzeuge GmbH Eibenstock,https://www.eibenstock.com/de/,False,Antriebe & Motoren,Elektrowerkzeuge,Zubehör,,,,,,
Ring Maschinenbau GmbH,,True,Perforiermaschinen,Präge- und Sondermaschinen,Stanzmaschinen,CNC-Maschinen,Erodiermaschinen,Fräsmaschinen,Perforationen,Prägen,Stanzen
ZECHA Hartmetall-Werkzeugfabrikation GmbH,,False,Blank- und Formwerkzeuge,Kundenspezifische Werkzeuge,Präzisions-Mikrowerkzeuge,Erodiermaschinen,Fräsmaschinen,Laserschneidmaschinen,Metallbearbeitungen,Oberflächenbehandlungen,Präzisionsbearbeitungen
Auerhammer Metallwerk GmbH,http://www.auerhammer.com,True,Kabel,Leitungen,Metallbänder,Extrusionsmaschinen,Montageanlagen,Plattiermaschinen,Glühen,Kaltwalzen,Kunststoffverarbeitungen
Emil Prinzing & Söhne GmbH & Co. KG,https://www.map-prinzing.de/,True,Maschinenbetten,Maschinenverkleidungen,Montierte Baugruppen,Blechbearbeitungsmaschinen,CNC-Großbearbeitungszentren,Fräsmaschinen,Lackierungen,Mechanische Fertigungen,Schweißkonstruktionen
Pacoma GmbH,https://www.pacoma.com/,False,Doppeltwirkende Zylinder,Hydraulikzylinder,Tandemzylinder,,,,Metallbearbeitungen,Oberflächenbehandlungen,Schweißen
PRG Präzisions-Rührer GmbH,www.prg-gmbh.de,True,Engineering & Consulting,Lohnfertigung,Rühranlagen,Drehmaschinen,Erodiermaschinen,Fräsmaschinen,CNC-Bearbeitungen,Montagen,Oberflächenbehandlungen
Weber Maschinenbau GmbH,www.weberweb.com,False,Automationslösungen,Linienlösungen für die Lebensmittelindustrie,Online-Marketing,Automatisierungssysteme,Slicer,Verpackungsmaschinen,Automatisierte Produktvorbereitungen,Grafikdesign,Schneiden
bavius technologie gmbh,www.bavius-technologie.com,False,5-Achs Bearbeitungszentren,Horizontal-Bearbeitungszentren,Profil-Bearbeitungszentren,Erodiermaschinen,Fräsmaschinen,,CNC-Bearbeitungen,Hochgeschwindigkeits-Zerspanungen,Systemanalysen
TITAN Umreifungstechnik GmbH & Co. KG,https://www.titan-schwelm.de,True,Handgeräte,Lohnfertigung,Stahlbau,Drehmaschinen,Fräsmaschinen,Handgeräte,Blechbearbeitungen,Kunststoffverarbeitungen,Metallbearbeitungen
voestalpine Wire Germany GmbH,https://www.voestalpine.com/,False,Eisenbahninfrastruktur,Stahlprodukte,Systemlösungen,Erodiermaschinen,Fräsmaschinen,Schweißmaschinen,Kaltverformungen,Stahlproduktionen,Warmverformungen
EMERSON Technologies GmbH & Co. OHG,https://www.emerson.com/,False,Ingenieurdienstleistungen,Technologien,,,,,,,
S. Müller GmbH & Co. Werkzeugbau KG,http://www.wzb-mueller.de/,False,Baugruppen,Systeme,kunststoffgebundene Magneten,Spritzgussmaschinen,,,Kunststoffverarbeitungen,,
Kadant PAAL GmbH,https://www.kadantpaal.com/de/,False,Ballenpressen,Förderbänder,,Ballenpressen,Förderanlagen,,Kunststoffverarbeitungen,Metallbearbeitungen,
Meeraner Dampfkesselbau GmbH,https://www.mdkb.de,True,Dampfkessel,Druckteile,Industriegeräte,Drehmaschinen,Fräsmaschinen,Laserschneidmaschinen,Biegen,Drehen,Fräsen
Peiner Smag Lifting Technologies GmbH,http://www.peiner-smag.com,True,Greifer,Hebetechniken,Krananlagen,Blechbearbeitungsmaschinen,Fräsmaschinen,Montagemaschinen,Metallbearbeitungen,Montagen,Oberflächenbehandlungen
WOLL MASCHINENBAU GmbH,http://www.woll-maschinenbau.de/,False,Automatisierungslösungen,Prozessintegration,Robotik,Automatisierungssysteme,Mess- und Prüfsysteme,,Metallbearbeitungen,Robotik-Integrationen,Verfahrenstechniken
KLN Ultraschall AG,https://www.kln.de,True,Blisterverpackungen,Industrielle Reinigungstechnik,Kunststoffverbindungstechnik,Blistermaschinen,Heizelementschweißmaschinen,Spritzgussmaschinen,Blisterverpackungen,Heizelementschweißen,Heißluftnieten
Heller Tools GmbH,,False,Beton- & Steinbohrer,Diamantprodukte,Hammerbohrer,Bohrmaschinen,Fräsmaschinen,Schleifmaschinen,Bohren,Fräsen,Schleifen
Pulsotronic Anlagentechnik GmbH,http://www.pulsotronic-anlagentechnik.de,True,Automatisierungslösungen,Metalldetektoren,Optische Inspektion,Drehmaschinen,Fräsmaschinen,Schweißmaschinen,Lötprozessen,Metallbearbeitungen,Montagen
Haensel Processing GmbH,https://www.haensel-processing.de,True,Automatisierungslösungen,Individuelle Lösungen für Süßwaren,Maschinen zur Herstellung von Süßwaren,Drehmaschinen,Fertigkocher,Fräsmaschinen,CNC-Bearbeitungen,Kochprozesse,Kontinuierliche Herstellungen
Alfred Konrad Veith GmbH & Co. KG,,False,Federelemente,Formenbau,Stanztechnik,Differenzwegpressen,Exzenterpressen,Gleitschleifanlagen,Kunststoffverarbeitungen,Metallbearbeitungen,
Hubl GmbH,https://www.hubl-gmbh.de/,True,Edelstahl-Blechverarbeitung,Engineering,Systemlieferant,Fräsmaschinen,Laserschneidmaschinen,Schweißmaschinen,Lasern,Stanzen,Umformen
SUCO Robert Scheuffele GmbH & Co. KG,https://www.suco.de,True,Drehgeber,Druckschalter,Drucktransmitter,Blechbearbeitungsmaschinen,Drehmaschinen,Druckmesszellen,Kalibrierungen,Metallbearbeitungen,Montagen
SD Automotive GmbH,https://www.sd-automotive.de/,True,Automotive Komponenten,Fahrzeug-Zubehör,Karosseriebau,Drehmaschinen,Fräsmaschinen,Lasermaschinen,CNC-Bearbeitungen,Kunststoffverarbeitungen,Metallbearbeitungen
DALEX GmbH & Co. KG,https://www.dalex.de,False,E-Commerce Plattformen,Logistiklösungen,Schweißmaschinen,Automatisierungstechnik,Datenbankserver,Schweißmaschinen,Buckelschweißen,Punktschweißen,Systemintegrationen
Fessmann GmbH und Co KG,https://www.fessmann.com,False,Automatisierungslösungen,Backanlagen,Fleischereimaschinen,Heißluftgaren,Kochkessel,Kühlanlagen,Backen,Kochen,Kühlen
Hassia Verpackungsmaschinen GmbH,https://www.ima.it,True,Automatisierungslösungen,Holzbearbeitungsmaschinen,Verpackungsmaschinen,Erodiermaschinen,Fräsmaschinen,Füllmaschinen,Formen,Füllen,Holzbearbeitungen
"Davis-Standard, LLC",https://www.davis-standard.com,True,Blown Film,Coatings,Converting solutions,Blasformmaschinen,Coating Maschinen,Converting Maschinen,Beschichtungsverfahren,Blasformen,Folienextrusionen
Norican Group,https://www.noricangroup.com/,False,Aluminiumdruckguss,Automatisierungslösungen,Gießereitechnologien,Gießanlagen,Gießmaschinen,Mischanlagen,Automatisierungen,Gießen,Mischen
Herbert Maschinenbau GmbH & Co. KG,https://www.herbert.eu/,True,Formen,Maschinen,Reifenformcontainer,CNC-Drehen,CNC-Fräsen,Reifenheizpressen,Konstruktionen,Metallbearbeitungen,Vulkanisationen
TampoPrint GmbH,http://www.tampoprint.de,True,Automationen,Lasermaschinen,Sondermaschinen,Lasermaschinen,Serienmaschinen,Tampondruckmaschinen,Laserkennzeichnungen,Siebdrucke,Tampondrucke
Gruse Maschinenbau GmbH & Co. KG,https://www.gruse.de,False,Betriebs- und Lagereinrichtungen,Hebelösungen,Hubtische,Blechbearbeitungsmaschinen,CNC-Maschinen,Fräsmaschinen,Blechbearbeitungen,Kunststoffverarbeitungen,Metallbearbeitungen
LEMO Maschinenbau GmbH,https://www.lemo-maschinenbau.com/,False,Folienschweißmaschinen,Folienverpackungsmaschinen,Verpackungslösungen,Automatisierte Hülsenzuführungen,Folienschweißmaschinen,Verpackungsmaschinen,Kunststoffverarbeitungen,,
RAMPP Maschinenbau GmbH & Co. KG,https://www.rampp.de/,True,Fräsen,Lackiererei,Stahlbau,Bandsägen,Bohrmaschinen,Fräsmaschinen,Fräsen,Metallbearbeitungen,Schweißen
Franz Tölke GmbH,,False,Capping Maschinen,Füllmaschinen,Sondermaschinen,Füllmaschinen,Montagemaschinen,Sortieranlagen,Füllungen,Montagen,Sortierungen
Wilhelm Vogel GmbH Antriebstechnik,https://www.vogel-antriebe.de,True,Antriebssysteme,Getriebe,Motoren,Drehmaschinen,Fräsmaschinen,Montagemaschinen,Metallbearbeitungen,Montagen,Oberflächenbehandlungen
Romaco Group,,False,Granulationsmaschinen,Verarbeitungsmaschinen,Verpackungsmaschinen,Blistermaschinen,Füllmaschinen,Tischpressen,Coating,Granulationen,Tablettierungen
ZGG - Zeitzer Guss GmbH,https://www.silbitz-group.com,True,Gussteile für Antriebssysteme,Gussteile für Windkraftanlagen,Lohnfertigung,CNC-Maschinen,Drehmaschinen,Erodiermaschinen,CNC-Bearbeitungen,Gussverfahren,Mechanische Bearbeitungen
Sumitomo Electric Hartmetallfabrik GmbH,https://www.sumitomotool.com/,False,CBN-Werkzeuge,Schneidwerkzeuge,Werkzeughalter,Bohrmaschinen,Drehmaschinen,Fräsmaschinen,Metallbearbeitungen,,
Scheppach GmbH,https://www.scheppach.com/,False,Elektrowerkzeuge,Maschinen,Werkzeuge,Fräsmaschinen,Kompressoren,Laser-Stanzmaschinen,Holzbearbeitungen,Metallbearbeitungen,
Wickeder Westfalenstahl GmbH,,True,Metallbänder,Plattierte Werkstoffe,Thermobimetalle,CNC-Blechbearbeitungsmaschinen,Laserschneidmaschinen,Wasserstrahlschneidmaschinen,Blechbearbeitungen,Fotochemisches Ätzen,Polymerbeschichtungen
Bijur Delimon International,,False,Schmiermittel,Schmiersysteme,Ölumlaufsysteme,Pumpen,Steuergeräte,Verteilerelemente,Holzbearbeitungen,Kunststoffverarbeitungen,Metallbearbeitungen
Meusburger Georg GmbH & Co KG,https://www.meusburger.com,True,Die sets,Mould bases,Plates & bars,Erodiermaschinen,Fräsmaschinen,Spritzgießmaschinen,Kunststoffverarbeitungen,Metallbearbeitungen,
Weitkowitz GmbH,https://www.weitkowitz.de,True,Erdungsprodukte,Kabelprodukte,Kabelschuhe,Biegeautomaten,Drehmaschinen,Fräsmaschinen,Kunststoffverarbeitungen,Metallbearbeitungen,Montagen
Gardner Denver Schopfheim GmbH,http://www.gardnerdenver.com,False,Blowers,Kompressoren,Luftkompressoren,Blowers,Drehmaschinen,Fräsmaschinen,Kunststoffverarbeitungen,Metallbearbeitungen,Montagen
KARL SCHNELL GmbH & Co. KG,https://www.karlschnell.de,True,Abfüllmaschinen,Etikettiermaschinen,Feinstzerkleinerer,Brecher,Erhitzungssysteme,Etikettiermaschinen,Abfüllungen,Mischprozessen,Montagen
Dipl.-Ing. Herwarth Reich GmbH,http://www.reich-kupplungen.com,True,Antriebselemente,Kupplungen,Wellen,CNC-Bearbeitungszentren,Drehmaschinen,Fräsmaschinen,Gummi Verarbeitungen,Kunststoffverarbeitungen,Metallbearbeitungen
Metso Outotec Germany GmbH,https://www.mogroup.com,False,Beratungsdienstleistungen,Dienstleistungen,Ersatz- und Verschleißteile,Brecher,Förderer,Siebe,Fördern,Sieben,Webentwicklungen
ABP Induction Systems GmbH,https://abpinduction.com/,False,Digitale Lösungen,Induktionsanlagen,Induktionshärtsysteme,Erwärmungsanlagen,Härtungsanlagen,Induktionsöfen,Erwärmen,Gießen,Induktionshärten
Wickert Maschinenbau GmbH,,False,Composite Pressen,Elastomer Pressen,Schleifscheiben Pressen,Automatisierungssysteme,Hydraulikpressen,Vulkanisationspressen,Kunststoffverarbeitungen,Metallverarbeitungen,Verbundstoffverarbeitungen
JBT Corporation,https://www.jbtc.com/,False,Automatisierungslösungen,Finanzierungsoptionen,Lebensmittelverarbeitungsgeräte,Automatisierungssysteme,Verarbeitungsanlagen,Verpackungslinien,Automatisierungen,Finanzierungen,Lebensmittelverarbeitungen
PLAMAG GmbH,http://www.plamag.com/de/,True,Komponentenfertigung,Lohnfertigung,,Drehmaschinen,Fräsmaschinen,Schleifmaschinen,Drehen,Fräsen,Schleifen
Carl KRAFFT & Söhne GmbH & Co. KG,https://www.krafft-walzen.com/de/,False,,,,,,,,,
Hofmann Maschinen- und Anlagenbau GmbH,https://www.hofmannmaschinen.com,True,Auswuchttechnik,Reifenprüfmaschinen,Rädermontagelinien,Auswuchtmaschinen,Drehmaschinen,Fräsmaschinen,Kunststoffverarbeitungen,Metallbearbeitungen,Montagen
Wolfcraft GmbH,https://www.wolfcraft.com,False,Befestigungstechnik,Handwerkzeuge,Maschinenzubehör,Bohrmaschinen,Fräsmaschinen,Spritzgussmaschinen,Holzbearbeitungen,Kunststoffverarbeitungen,Metallbearbeitungen
Schirmer Maschinen GmbH,http://www.schirmer-maschinen.com,True,Bearbeitungszentren,Beratung und Planung von Produktionslösungen,CNC-Maschinen,Drehmaschinen,Fräsmaschinen,Schleifmaschinen,Automatisierte Fertigungen,CNC-Bearbeitungen,Drehen
Scheugenpflug GmbH,https://www.scheugenpflug-dispensing.com/,False,Adhesive Bonding,Dispensing,Potting,Dispensers,Inspection Systems,Potting Systems,Dispensing,Potting,Sealing
Schuster Maschinenbau GmbH,https://www.schuster-maschinenbau.de/,True,Automatisierungslösungen,Drehmaschinen,Individuelle Fertigungslösungen,Automatisierungstechnik,Drehmaschinen,,CNC-Bearbeitungen,Montagen,Qualitätssicherungen
Hoerburger GmbH,https://www.hoerburger.de/,True,Energiemanagement,Fenster,Gebäudeautomation,Automationsstationen,Fräsmaschinen,Montagemaschinen,Holzbearbeitungen,Montagen,Oberflächenbehandlungen
Terrot GmbH,https://www.terrot.de/de/,False,Maschinen für Badebekleidung,Maschinen für technische Textilien,Rundstrickmaschinen,Rundstrickmaschinen,,,Strickverfahren,,
Klaus Baier GmbH & Co. KG Werkzeugbau & Stanzteileproduktion,http://www.klausbaier.de/,True,Anlagenbau,Baugruppen,Sondermaschinen,Drehmaschinen,Erodiermaschinen,Fräsmaschinen,Biegen,Fräsen,Metallbearbeitungen
Hartmetall-Werkzeugfabrik Paul Horn GmbH,,True,Drehwerkzeuge,Fräswerkzeuge,Zerspanungswerkzeuge,Drehmaschinen,Fräsmaschinen,Langdrehmaschinen,Bohren,Drehen,Fräsen
Weisskopf Werkzeuge GmbH,https://www.weisskopf-tools.de,True,Befestigungselemente,Bohrer,Fräser,5-Achs-Werkzeugschleifmaschinen,Drehmaschinen,Fräsmaschinen,Metallbearbeitungen,Montagen,Oberflächenbehandlungen
Rhewum GmbH,https://www.rhewum.com/de/,False,Fördertechnik,Siebmaschinen,,Linearschwingmaschinen,Siebmaschinen mit doppeltfrequentem Antrieb,Vibrationssiebe,Holzbearbeitungen,Kunststoffverarbeitungen,Metallbearbeitungen
HYFRA Industriekühlanlagen GmbH,,False,Durchlaufkühler,Eintauchkühler,Kühlwasser-Rückkühler,Kühlanlagen,,,Filtrationen,Kunststoffverarbeitungen,Metallbearbeitungen
Albrecht GmbH,www.albrecht-solingen.de,False,,,,,,,,,
DESCH Antriebstechnik GmbH & Co. KG,https://www.desch.com/de/,False,,,,,,,,,
Chr. Höver & Sohn GmbH & Co. KG,www.hoever-sohn.com,True,Fertigungsteile,Sonderlösungen,Werkzeugbau,CNC-gesteuerte Maschinen,Drehmaschinen,Erodiermaschinen,Blechbearbeitungen,CNC-Bearbeitungen,Schmieden
Feige Filling GmbH,https://www.feige.com/,False,Füllsysteme für flüssige Produkte,Füllsysteme für pastöse Produkte,Serviceleistungen im Bereich Fülltechnik,Füllmaschinen,Waagen,,,,
Ruwac Industriesauger GmbH,https://www.ruwac.de,False,Absauganlagen,Akkusauger,Filteranlagen,Entstauber,Filteranlagen,Nassabscheider,Kunststoffverarbeitungen,Lebensmittelproduktionen,Metallbearbeitungen
Steeltec GmbH,https://steeltec-group.com/,False,Engineering steels,Stainless steels,Tool steels,Elektrolichtbogenöfen,Erodiermaschinen,Fräsmaschinen,Stahlproduktionen,Stahlverarbeitungen,Wärmebehandlungen
Gebhardt - Stahl - GmbH,https://www.gebhardt-stahl.de,True,Bauelemente,Lufttechnik,Metallkonstruktionen,Blechbearbeitungsmaschinen,Fräsmaschinen,Rollformmaschinen,Biegen,Kaltwalzen,Laserschweißen
Jakob Lach GmbH & Co. KG,https://www.lach-diamant.de,True,CBN-Werkzeuge,CNC-Bearbeitungswerkzeuge,Diamantwerkzeuge,Erodiermaschinen,Fräsmaschinen,Schärfmaschinen,Bohren,Drehen,Fräsen
Lapmaster Wolters GmbH,https://www.peter-wolters.de,True,Consumables,Halbleitertechnologien,Lohnfertigungsdienstleistungen,Erodiermaschinen,Fräsmaschinen,Poliermaschinen,Kunststoffverarbeitungen,Metallbearbeitungen,Polierverfahren
Breitner Abfüllenanlagen GmbH,https://www.breitner-abfuellanlagen.de,False,Abfüllanlagen,Dosieranlagen,Flaschenaufsteller,Dosiermaschinen,Flaschenaufsteller,Füllmaschinen,Abfüllprozesse,CIP (Cleaning in Place),Dosierprozesse
Kubat Mechanik GmbH,https://kubat-mechanik.de/,True,Automationstechnik,Engineering-Leistungen,,Drehmaschinen,Fräsmaschinen,Wasserstrahlschneider,Drehen,Fräsen,Schweißen
ISEL Germany AG,http://www.isel.com,True,3D-Drucksysteme,Automatisierung,Automatisierungstechnik,3D-Drucker,CNC-Fräsmaschinen,Drehmaschinen,3D-Druck,CNC-Bearbeitungen,Holzbearbeitungen
Johannes Hübner,https://www.huebner-giessen.com/,False,Drehgeber-Systeme,Drehgeber-Zubehör,Motoren und Generatoren,Bearbeitungsmaschinen,Montageanlagen,Prüfmaschinen,Bearbeitungen,Montagen,Prüfungen
ESAB Welding & Cutting GmbH,https://esab.com/de/,False,Consumables,Cutting products,Welding products,,,,,,
R. Scheuchl GmbH,https://www.scheuchl.de/,False,Energietechnik,Gießereitechnik,Verfahrenstechnik,Gießmaschinen,Sonderanlagen,Verfahrenstechnik Anlagen,Gießen,Kühlen,Reinigen
Dr. Ing. Max Schlötter GmbH & Co. KG,https://www.schloetter.de,True,Chemische Produkte,Fertigungslösungen,Galvanochemie,Beizanlagen,Chemische Anlagen,Drehmaschinen,Chemische Metallabscheidungen,Drehen,Elektrolysen
Dillenberg GmbH & Co. KG,https://www.dilco.de/,True,Fertigungsteile,Gießereiprodukte,Präzisionskomponenten,Drehmaschinen,Fräsmaschinen,Gießmaschinen,Drehbearbeitungen,Finish-Bearbeitungen,Sandgüsse
Josef Blässinger GmbH + Co KG,http://www.blaessinger.com,True,Automatisierungslösungen,Gleitlager,Lineartechnik,Drehmaschinen,Fräsmaschinen,,CNC-Bearbeitungen,Holzbearbeitungen,Kunststoffverarbeitungen
Heinz Berger Maschinenfabrik GmbH & Co. KG,https://www.bergergruppe.de,True,Erodieren,Fräsen,Poliermaschinen,CNC-Maschinen,Erodiermaschinen,Fräsmaschinen,Holzbearbeitungen,Kunststoffverarbeitungen,Metallbearbeitungen
Sirch Behältertechnik GmbH,www.sirch.com,False,Agrartechnik,Containerbau,Feuerwehrtechnik,Fräsmaschinen,Lackieranlagen,Sägemaschinen,Holzbearbeitungen,Metallbearbeitungen,Oberflächenbehandlungen
Wälischmiller Engineering GmbH,https://www.hwm.com,True,Handling-Systeme,Manipulatoren,Messgeräte,Drehmaschinen,Fräsmaschinen,Laserschneidmaschinen,Kunststoffverarbeitungen,Metallbearbeitungen,Montagen
falch gmbh,https://www.falch.com/de/,False,Hochdruckreiniger,Wasserstrahlgeräte,Zubehörteile,Pumpen,Wasserstrahlgeräte,,Kunststoffverarbeitungen,Metallbearbeitungen,
WOLFGANG SCHMAHL GmbH & Co. KG,http://www.schmahl.biz,True,Antriebssysteme,Automatisierungslösungen,Getriebe,Etikettiermaschinen,Fräsmaschinen,Füllmaschinen,Automatisierungen,Montagen,Verpackungen
H. Hüttenbrauck Profil GmbH,https://huettenbrauck.com/,False,Aluminiumprofile,Stahlprofile,Verstärkungsprofile,Blechscheren,CNC-Maschinen,Fräsmaschinen,Kaltwalzen,Oberflächenbehandlungen,Strangpressen
Danieli Germany GmbH,https://www.danieli-germany.de,False,Anlagen für die Stahlindustrie,Flachprodukte,Langprodukte,Direktreduktionsanlagen,Hebeöfen,Längs- und Quertrennmaschinen,Biegen,Kaltwalzen,Schneiden
Georg Sahm GmbH & Co. KG,https://www.sahmwinder.de/,True,Converting-Lösungen,Holzbearbeitungsmaschinen,Industrielle Anlagen,Bohrautomaten,Fräsmaschinen,Parallel-Spulmaschinen,Beschichten,Holzbearbeitungen,Montagen
LISSMAC Maschinenbau GmbH,,True,Anlagen für die Metallbearbeitung,Bautechnologie,Handhabungssysteme,Entgratmaschinen,Schleifmaschinen,Sägeanlagen,Blechbearbeitungen,Schneiden,Schweißen
RINGSPANN GmbH,https://www.ringspann.com/,False,Antriebskomponenten,Industriebremse,Spannzeuge,Erodiermaschinen,Fräsmaschinen,,Kunststoffverarbeitungen,Metallbearbeitungen,
Stahl- und Hartgusswerk Bösdorf GmbH,,False,Engineering Dienstleistungen,Gussteile,Qualitätssicherung,Bearbeitungszentren,Fräsmaschinen,Gießmaschinen,Bearbeitungen,Gießen,Qualitätssicherungen
Metallwerk Sundern Otto Brumberg GmbH & Co. KG,https://mesu.de/de/,False,Präzisionsstahlrohre,Rohrbearbeitungen,Rohrkomponenten,CNC-Sägen,Laseranlagen,Rohrschweißanlagen,Biegen,Laserschneiden,Schweißen
Vulcast Germany GmbH,https://www.vulcast.de/,False,,,,,,,,,
Haller Industriebau GmbH,,False,Dachtechnik,Industriebau,Werbetechnik,Metallbearbeitungsmaschinen,Stahlbearbeitungsmaschinen,,Metallbearbeitungen,,
Heino Ilsemann GmbH,www.ilsemann.com,True,Automationslösungen,Automatisierungslösungen,Baugruppen,Blistermaschinen,Drehmaschinen,Folieneinschlagmaschinen,Kunststoffverarbeitungen,Metallbearbeitungen,Montagen
Inovatools Eckerle & Ertel GmbH,https://www.inovatools.eu/,False,Apps,Dienste,Werkzeuge,Erodiermaschinen,Fräsmaschinen,Schleifmaschinen,Cylindrical Grinding,Metallbearbeitungen,Regrinding
TPS-Technitube Röhrenwerke GmbH,,False,Rohrzubehör,nahtlose Rohre,Ölfeldrohre,Biegeanlagen,Kaltumformmaschinen,,Kaltpilgern,Kaltziehen,
OptoTech Optikmaschinen GmbH,https://www.optotech.de/,False,Brillenoptik,Feinoptik,Messtechnik,Poliermaschinen,Schleifenmaschinen,Zentriermaschinen,Polieren,Schleifen,Zentrieren
Stahlrump GmbH & Co. KG,http://www.stahlrump.de,True,Band kaltgewalzt,Draht,Kunststoffprodukte,Drahtzieherei,Fräsmaschinen,Kaltwalzwerk,Kaltwalzen,Kunststoffverarbeitungen,Metallbearbeitungen
EZM Edelstahlzieherei Mark GmbH,,True,Blankstahl,Medizintechnik,Profile,Beizmaschinen,Schleifmaschinen,Ziehmaschinen,Beizen,Glühen,Rissprüfungen
COLLIN Lab & Pilot Solutions GmbH,https://www.collin-solutions.com/,False,Pilotanlagen,Produktionssysteme,intelligente modulare Laborsysteme,Extrusionsmaschinen,Laboranlagen,Verarbeitungssysteme,Kunststoffverarbeitungen,,
Saacke Pforzheim GmbH & Co. KG,https://www.saacke-pforzheim.de,True,Instandhaltungsservice,Präzisionswerkzeuge,Prüfmaschinen,Bearbeitungszentren,CNC-Maschinen,Fräsmaschinen,Metallbearbeitungen,Oberflächenbearbeitungen,Schleifverfahren
Wittmann Battenfeld Deutschland GmbH,https://www.wittmann-group.com/,False,Automation,Auxiliary Equipment,Injection Molding,Spritzgießmaschinen,Temperiergeräte,,Automatisierungstechniken,Kunststoffverarbeitungen,Recycling
Arnstädter Werkzeug- und Maschinenbau AG,https://www.awm-ag.de/,False,Automatisierungslösungen,Sondermaschinen,Werkzeuge,Erodiermaschinen,Fräsmaschinen,Spritzgießmaschinen,Kunststoffverarbeitungen,Metallbearbeitungen,Montagen
De Dietrich Process Systems GmbH,www.dedietrich.com,False,Anlagenbau,Chemische Prozesslösungen,Heizsysteme,Destillationsanlagen,Fräsmaschinen,Reaktoren,Destillationen,Extraktionen,Kunststoffverarbeitungen
HOSCH Fördertechnik Recklinghausen GmbH,https://www.hosch-international.com/,False,Conveyor Belt Cleaning Systems,Gurtabstreifer,Tracker Rollers,,,,,,
KÖBO GmbH & Co KG,,False,Antriebsketten,Förderketten,Kettenräder und Scheiben,CNC Maschinen,Stanzmaschinen,Wärmebehandlungsöfen,Mechanische Verarbeitungen,Montagen,Thermische Be- und Weiterverarbeitungen
Werner Bauser GmbH,www.wernerbauser.de,True,Konstruktionen,Kunststoff-Zahnräder,Lohnfertigung,Drehmaschinen,Fräsmaschinen,Schweißmaschinen,Fertigungen,Kunststoffverarbeitungen,Metallbearbeitungen
Silberhorn Gruppe,,True,Blechtechnik,Hochdruckwasserstrahl-Entgratanlagen,Industrielle Reinigungsmaschinen,Hochdruckwasserstrahlanlagen,Laserschneidanlagen,Reinigungsanlagen,Druckflut-Reinigen,Hochdruck-Reinigen,Schöpffluten
Lahnwerk GmbH,http://www.lahnwerk.de,True,Blechbearbeitungen,Druckgusswerkzeuge,Kernformwerkzeuge,Biegemaschinen,Drehmaschinen,Erodiermaschinen,CNC-Bearbeitungen,Kunststoffverarbeitungen,Laserschneiden
MWS Schneidwerkzeuge GmbH & Co KG,http://www.mendritzki.de,True,Bandstahl,Blechbearbeitungen,Lohnfertigungen,Biegemaschinen,Fräsmaschinen,Laserschneidanlagen,Blechbiegen,Blechschneiden,Feinschneiden
Exeron GmbH,https://www.exeron.de,True,Automatisierungslösungen,Erodiermaschinen,Fräsmaschinen,Erodiermaschinen,Fräsmaschinen,Lasermaschinen,Kunststoffverarbeitungen,Metallbearbeitungen,
Resch Maschinenbau GmbH,https://www.resch-maschinenbau.de/,True,Baugruppen,Baugruppenmontage,Fertigungsteile,Drehmaschinen,Erodiermaschinen,Fräsmaschinen,Blechbearbeitungen,Drehen,Fräsen
Hohner Postpress Solutions GmbH,https://www.hohner-postpress.com,True,Drahtheftmaschinen,Druckweiterverarbeitungssysteme,Falt- und Sammelmaschinen,Drahtheftmaschinen,Falzmaschinen,Klebebindemaschinen,Binden,Drahtheften,Drucken
DIOSNA Dierks & Söhne GmbH,www.diosna.com,False,Backanlagen,Coater,Fermenter,Backöfen,Fluidbettprozessoren,Knetmaschinen,Backprozesse,Fermentationen,Kneten
SWM Werkzeugfabrik GmbH & Co. KG,https://www.werkzeugschmiede.de/de/,False,,,,,,,,,
Herbert Arnold GmbH & Co. KG,www.arnold-gruppe.de,True,Brenner,Lohnfertigung,Maschinen,Drehmaschinen,Fräsmaschinen,Schleifmaschinen,Automatisierungen,CNC-Bearbeitungen,Montagen
Wink Stanzwerkzeuge GmbH & Co. KG,https://www.wink.de,True,Flexible Dies,Individuelle Fertigung,Kunststoffprodukte,Erodiermaschinen,Fräsmaschinen,Schneidemaschinen,Formgebungen,Kunststoffverarbeitungen,Montagen
Christian Maier GmbH & Co. KG,http://www.maier-heidenheim.com,True,Automationslösungen,Drehdurchführungen,Erodiermaschinen,Drehmaschinen,Erodiermaschinen,Fräsmaschinen,CNC-Bearbeitungen,Kunststoffverarbeitungen,Metallbearbeitungen
Agathon GmbH & Co. KG,https://www.agathon-moulds.com/de/,False,Mould Inserts,Schokoladenformen,Silikonformen,CNC-Fräsmaschinen,Erodiermaschinen,Spritzgießmaschinen,CNC-Bearbeitungen,Kunststoffverarbeitungen,Spritzgüsse
Wächter Packautomatik GmbH & Co. KG,https://www.waechter-packautomatik.de,False,Automatisierungslösungen,Industrielle Fördertechnik,Komplettlösungen,Automatisierungssysteme,Fertigungsanlagen,Förderanlagen,Automatisierungsprozessen,Förderprozessen,Montageprozessen
Modell- und Formenbau Blasius Gerg GmbH,http://www.gerg.de,True,Anlagen,Formenbau,Maschinen,Drehmaschinen,Erodiermaschinen,Fräsmaschinen,CNC-Bearbeitungen,Gießen,Laser-Schneiden
Rite-Hite GmbH,https://www.ritehite.com/de/,False,Fahrzeugverriegelungen,Industrietore,Überladebrücken,,,,,,
Paul Hafner GmbH Werkzeugbau,www.paul-hafner.de,True,Baugruppenfertigung,Blechbearbeitung,Metallverarbeitung,Biegemaschinen,Erodiermaschinen,Fräsmaschinen,Biegen,CNC-Bearbeitungen,Laserschneiden
MAP Maschinen- & Apparatebau,https://map-rathenow.de/,True,Fertigungstechnologien,Lohnfertigungslösungen,Produktionsprozesse,CNC-Maschinen,Erodiermaschinen,Fräsmaschinen,Kunststoffverarbeitungen,Metallbearbeitungen,Montageprozessen
Jäcklin GmbH,https://www.air-end.de/,False,Rotoren,Schraubenverdichter,Verdichterstufen,Fertigungsmaschinen,Montagemaschinen,,Entwicklungen,Montagen,Präzisionsfertigungen
Metallwarenfabrik Reichertshofen,https://www.bindernet.de,True,Automatisierungslösungen,Bindesysteme,Klebstoffe,Fräsmaschinen,Laserschneidanlagen,Pressmaschinen,Automatisierte Fertigungen,Binden,Laserschneiden
Modellbau Schönheide GmbH,https://www.mbschoenheide.de/,False,Vorrichtungen,Werkzeuge,Zubehör,CNC-Maschinen,Erodiermaschinen,Fräsmaschinen,Kunststoffverarbeitungen,Modell- und Formenbau,Werkzeugbau
WELLGO Gruppe,,True,Antriebssysteme,Hygienespender,Sensorgriffe,Erodiermaschinen,Fräsmaschinen,Spritzgussmaschinen,Montagen,Spritzgüsse,Werkzeugbau
Heinz Gothe GmbH & Co. KG,https://www.gothe-edelstahl.de/,True,Apparatebau,Edelstahlrohre,Fittings,Laser-Schneidemaschinen,Plasma-Schneidemaschinen,Schweißmaschinen,Beizen,Plasma,Schneiden
Hans Schröder Maschinenbau GmbH,,False,Blechbearbeitungsmaschinen,Schwenkbiegemaschinen,Tafelscheren,Biegezentren,Schwenkbiegemaschinen,Tafelscheren,Biegen,Schneiden,Sicken
Kemptener Eisengießerei Adam Hönig AG,http://www.kemptener-eisengiesserei.de/,False,Gusseisen mit Kugelgraphit,Gusseisen mit Lamellengraphit,Gussprodukte,Fräsmaschinen,Gießmaschinen,Spritzgussmaschinen,Fräsen,Gießen,Spritzgießen
WW-K Warmwalzwerk Königswinter GmbH,,False,,,,,,,,,
Südstahl GmbH & Co. KG,https://www.suedstahl.de,True,Baugruppenfertigungen,Blechzuschnitte,Lagersysteme,Bohrautomaten,Brennschneidanlagen,Fräsmaschinen,Beschichten,Brennschneiden,Laserschneiden
Seco Tools GmbH,https://www.secotools.com/,True,Bearbeitungslösungen,Schneidwerkzeuge,Werkzeugsysteme,Bohrmaschinen,Drehmaschinen,Fräsmaschinen,Metallbearbeitungen,Werkzeugreparatur,Zerspanungen
Schwarze-Robitec GmbH,https://www.schwarze-robitec.com,False,Biegemaschinen,Messanlagen,Perforiermaschinen,Biegemaschinen,CNC-Rohrbiegemaschinen,Fräsmaschinen,Biegen,Kaltbiegen,Messen
Burkhardt-Weber,http://www.burkhardt-weber.de,True,Automatisierungslösungen,Bearbeitungszentren,CNC-Bearbeitungszentren,Bearbeitungszentren,Drehmaschinen,Erodiermaschinen,CNC-Bearbeitungen,Erodieren,Fräsen
Theodor Winkels GmbH & Co. KG,http://www.winkels-vessels.com/,False,Druckbehälter,Reaktoren,Wärmeübertrager,Blechbearbeitungsmaschinen,Fertigungsmaschinen,Schweißmaschinen,Biegen,Montagen,Schweißen
Dossmann GmbH Eisengiesserei und Modellbau,,False,Gussteile für Antriebstechnik,Gussteile für Pressenbau,,Furanharz Handformerei,Induktionsöfen,Kaltharzformanlagen,Eisengüsse,Modellbau,Prototypenbau
Teepack Spezialmaschinen GmbH & Co. KG,https://www.teepack.com/de/,False,Retrofit-Lösungen,Tee-Verpackungsmaschinen,,Flowpack-Maschinen,Schlauchbeutelmaschinen,Verpackungsmaschinen,Montagen,Qualitätskontrollen,
KS Tools Werkzeuge - Maschinen GmbH,,False,Handwerkzeuge,KFZ-Spezialwerkzeuge,LKW-Spezialwerkzeuge,Drehmaschinen,Fräsmaschinen,Spritzgussmaschinen,Kunststoffverarbeitungen,Metallbearbeitungen,Montagen
Schleuniger GmbH,https://www.schleuniger.com,False,Kabelverarbeitungslösungen,Prüftechnologien,Test and measurement systems,Abisoliermaschinen,Ablängmaschinen,Crimpmaschinen,Abisolieren,Crimpen,Kabelverarbeitungen
Müller Modell- und Formenbau GmbH & Co. KG,http://www.mueller-wallau.de/,False,Formenbau,Kunststoffteile,Werkzeuge,Erodiermaschinen,Fräsmaschinen,Spritzgussmaschinen,Erodieren,Fräsen,Spritzgüsse
Horst Scholz GmbH & Co. KG,https://www.scholz-htik.de,True,Blechbearbeitungsdienste,Lohnfertigung,Mikrotechnik,Biegemaschinen,Erodiermaschinen,Fräsmaschinen,Blechbearbeitungen,Laserschneiden,Mikrospritzgüsse
Knödler-Getriebe GmbH & Co. KG,https://www.knoedler-getriebe.de/,False,Antriebslösungen,Getriebe,Komplettlösungen,Fertigungseinrichtungen,Fräsmaschinen,Montagemaschinen,Fertigungen,Konstruktionen,Montagen
Voxeljet AG,https://www.voxeljet.de,True,3D-Druck On Demand,3D-Druckdienste,3D-Drucker,3D-Druckmaschinen,3D-Drucksysteme,Gießmaschinen,Additive Fertigungen,Binder Jetting,Polymer Sintern
Okuma Europe GmbH,https://www.okuma.eu,False,Automatisierungslösungen,CNC-Drehmaschinen,CNC-Fräsmaschinen,Drehmaschinen,Erodiermaschinen,Fräsmaschinen,CNC-Bearbeitungen,Metallbearbeitungen,Montagen
Stürtz Maschinenbau GmbH,https://www.stuertz.com/,False,Automatisierungssysteme,Montagetechnik,Schweissmaschinen,Erodiermaschinen,Fräsmaschinen,Schweissmaschinen,Kunststoffverarbeitungen,Metallbearbeitungen,Montageprozessen
Steinhoff International Holdings N.V.,https://www.steinhoff.eu,True,Haushaltswaren,Kaltwalzen,Möbel,Drehmaschinen,Fräsmaschinen,Holzverarbeitungsmaschinen,Holzverarbeitungen,Kunststoffverarbeitungen,Mechanische Fertigungen
Magnetbau Schramme GmbH & Co. KG,,False,Elektromagnete,Sensoren,Ventile,CNC-Drehen,Schweißen,Spritzguss,Fertigungen,Montagen,Projektmanagement
Marposs S.p.A.,https://www.marposs.com,False,Automatisierungslösungen,Inspektionssysteme,Messsysteme,Automatisierungsgeräte,Drehmaschinen,Erodiermaschinen,Kalibrierungen,Kunststoffverarbeitungen,Metallbearbeitungen
Preßwerkzeugbau Großdubrau GmbH,http://www.pwb-online.de/,False,Presswerkzeuge,Spritzgussformen,Werkzeuge,CNC-gesteuerte Werkzeugmaschinen,Erodiermaschinen,Fräsmaschinen,Kunststoffverarbeitungen,Metallbearbeitungen,
Josef Kränzle GmbH & Co. KG,https://www.kraenzle.com,False,Hochdruckreiniger,Industriesauger,Kehrmaschinen,Fertigungseinrichtungen,Hochdruckpumpen,Reinigungsgeräte,Kunststoffverarbeitungen,Lackierungen,Metallbearbeitungen
Allgaier Process Technology GmbH,https://www.allgaier-process-technology.com/de/,False,Kühlen,Mischanlagen,Siebanlagen,Kühlanlagen,Mischanlagen,Siebanlagen,Kühlen,Mischverfahren,Sieben
Forst Technologie GmbH & Co. KG,https://www.forst-online.de/index.php/de/,True,Dienstleistungen,Räummaschinen,Räumwerkzeuge,Räummaschinen,Schärfmaschinen,,Metallbearbeitungen,,
RSA cutting systems GmbH,https://www.rsa.de/,False,Bürsten,Entgraten,Sägen,Bürstmaschinen,Entgratmaschinen,Sägezentren,Holzbearbeitungen,Kunststoffverarbeitungen,Metallbearbeitungen
Saar-Hartmetall und Werkzeuge GmbH,www.saar-hartmetall.de,True,Hartmetalle,Hartmetallwerkzeuge,Lohnfertigung,Drehmaschinen,Erodiermaschinen,Fräsmaschinen,Drehen,Erodieren,Fräsen
Fecken-Kirfel GmbH & Co. KG,https://www.fecken-kirfel.de/,False,Ingenieurdienstleistungen,Kundenservice,Schneidmaschinen,Schneidmaschinen,,,Kunststoffverarbeitungen,Metallbearbeitungen,
FMF-WWF Werkzeug- und Prototypenbau GmbH,https://www.fmf-wwf.de/,True,Kleinserienwerkzeuge,Prototypenwerkzeuge,Serienabsicherungswerkzeuge,CNC-Bearbeitungszentren,Fräsmaschinen,Messmaschinen,CNC-Bearbeitungen,Mechanische Bearbeitungen,Modellbau
WEMA Vogtland Technology GmbH,https://www.global-retool-group.com/de/,False,Montage,Schweißen,Umrüstung,CNC-Schleifen,Flachschleifen,Schleifen von Werkzeugen,Kunststoffverarbeitungen,Metallbearbeitungen,Montagen
ENTEX Rust & Mitschke GmbH,,False,Kalanderwalzen,Planetwalzenextruder,Temperiersysteme,Extruder,Kalanderwalzen,Temperiersysteme,Chemische Prozessen,Gummi- und Elastomerverarbeitungen,Kunststoffverarbeitungen
LIFTKET Hoffmann GmbH,https://www.liftket.de,False,Baukräne,Elektrokettenzüge,Elektroseilzüge,Fräsmaschinen,Lackieranlagen,Montagemaschinen,Lackierungen,Metallbearbeitungen,Montagen
Lanico-Maschinenbau,https://www.lanico.de,True,Aerosol Dosen,Automatisierte Maschinen,Industrielle Produkte,Extrusionsanlagen,Flanging-Maschinen,Seamer,Extrusionen,Kunststoffverarbeitungen,Metallbearbeitungen
Hofmann Mess- und Auswuchttechnik GmbH & Co. KG,https://www.hofmann-global.com/,True,Automatic Integrated Balancing Solutions,Hand-Held Measuring Units,Universal Balancing Machines,Vibration Measuring Devices,Balancing Machines,,Unbalance Correctionen,Vibration Measurement,
Klaus Backes GmbH,http://www.backesgmbh.de/,True,CNC-Bearbeitung,Stanz- und Umformtechnik,Vorrichtungsbau,Biegeanlagen,CNC-Maschinen,Stanzmaschinen,Biegen,CNC-Bearbeitungen,Montagen
Badische Drahtwerke GmbH,https://bdw-kehl.com/,False,Betonstahl,Bewehrungsdraht,Lagermatten,Biegemaschinen,Schweißmaschinen,Zuschneidemaschinen,Biegen,Metallbearbeitungen,Schweißen
Schmoll Maschinen GmbH,http://www.schmoll-maschinen.de,True,Direktbelichtungsmaschinen,Erodiermaschinen,Fräsmaschinen,Bohrmaschinen,Drehmaschinen,Erodiermaschinen,Direktbelichtungen,Kunststoffverarbeitungen,Metallbearbeitungen
Transnova RUF Verpackungs- + Palettierungs GmbH,https://www.transnova-ruf.de/de/,False,Palettierungsmaschinen,Verpackungsmaschinen,,Palettierungsmaschinen,Verpackungsmaschinen,,Palettierprozessen,Pick-and-Pack Prozessen,Verpackungsprozessen
Philipp Hafner GmbH & Co. KG,https://www.hafner-philipp.de/,True,Fertigungsmesstechnik,Sondermessmaschinen,Standardmessgeräte,Erodiermaschinen,Fräsmaschinen,Montagemaschinen,Metallbearbeitungen,Montagen,Prüftechniken
PS Laser GmbH & Co. KG,http://www.ps-laser.de,True,Biegen,Laserbeschriftungen,Lasergravuren,Beschriftungsmaschinen,Biegemaschinen,CNC-Laserschneidanlagen,Beschriftungsverfahren,Biegen,Gravurverfahren
Warmpresswerk Max B. Schachmann GmbH,,True,Schmiedeteile,Sonderstahl,Werkzeuge,5-Achs-Fräsmaschinen,CNC-Drehmaschinen,Schmiedepressen,Oberflächenbehandlungen,Warmmassivumformungen,Wärmebehandlungen
Maschinenbau Dahme GmbH,https://www.mb-dahme.de/,True,CNC-Drehteile,CNC-Frästeile,Schweißbaugruppen,CNC-Drehmaschinen,CNC-Fräszentren,Räummaschinen,CNC-Drehen,CNC-Fräsen,Schweißen
JBT SCHRÖDER,,False,Injektionslösungen,Marinierungslösungen,Technologisch fortschrittliche Maschinen für die Lebensmittelverarbeitung,Injektionsmaschinen,Mariniermaschinen,Mechanische Aufbereitungsmaschinen,Injektionen,Marinierungen,Mechanische Aufbereitungen
FMB Maschinenbaugesellschaft mbH & Co.KG,https://www.fmb-machinery.de/,False,Automatisierungslösungen,Handlingsysteme,Lademagazine,Drehautomaten,Fräsmaschinen,Handlingsysteme,Automatisierungstechniken,Metallbearbeitungen,
Wolf Verpackungsmaschinen GmbH,https://wolf-packaging.com/,True,Complete Packaging Lines,Dosing-Systeme,Verpackungslösungen,Füllmaschinen,Schnellverpackungsmaschinen,Verpackungsmaschinen,CNC-Bearbeitungsprozessen,Kunststoffverarbeitungen,Montageprozessen
Zeulenroda Präzision Maschinenbau GmbH,https://www.zr-praezision.de/,True,Baugruppenmontage,Metallzerspanung,Spanntechnik,CNC-Bohrmaschinen,CNC-Drehmaschinen,CNC-Fräsmaschinen,CNC-Drehbearbeitungen,CNC-Fräsbearbeitungen,CNC-Hochgenauigkeitsbearbeitungen
m-tec mathis technik gmbh,https://www.m-tec.com,False,Baustellentechnik,Digitalisierung,Maschinen für die Bauindustrie,Dosieranlagen,Förderanlagen,Mischanlagen,Dosieren,Fördern,Fördertechniken
J. König GmbH & Co. Werkzeugfabrik,https://www.j-koenig.de,True,Hilfsmittel,Maschinen,Metallbearbeitungsdienstleistungen,Blechbearbeitungsmaschinen,Bohrmaschinen,CNC-Maschinen,Blechbearbeitungen,CNC-Bearbeitungen,Holzbearbeitungen
Hugo Beck Maschinenbau GmbH & Co. KG,https://www.hugobeck.com,False,After Sales Service,Automatisierungslösungen,Banderoliermaschinen,Bündelpacker,Flowpackmaschinen,Schlauchbeutelmaschinen,Automatisierungslösungen,Schweißprozessen,Verpacken in Folien
CeraCon GmbH,https://www.ceracon.com,True,Automatisierte Fertigungslösungen,Dichtstoffe,Industrieöfen,Automatisierungstechnik,Bearbeitungszentren,Dosieranlagen,Kunststoffverarbeitungen,Montagen,Schaumdichtungstechnologien
Kompressorenbau Bannewitz GmbH,https://kbb-turbo.com/,True,Abgasturbolader,Ladeluftkühler,Retrofit-Lösungen,Drehmaschinen,Fräsmaschinen,Schweißmaschinen,Metallbearbeitungen,Montagen,Oberflächenbehandlungen
DAMBACH Lagersysteme GmbH & Co. KG,https://www.dambach-lagersysteme.de/,False,Automatisierungslösungen,Lagersysteme,Logistiksysteme,Automatisierungsanlagen,Fördertechnik,Regalbediengeräte,Automatisierungen,Fertigungen,Metallbearbeitungen
Robert Röntgen GmbH & Co. KG,https://roentgen-saw.com/de/,False,Sägeblätter,Sägebänder,Zubehör,Bandsägen,Erodiermaschinen,Fräsmaschinen,Holzbearbeitungen,Kunststoffverarbeitungen,Metallbearbeitungen
SAMAG Machine Tools GmbH,http://www.samag-mt.com,True,Automation,Bearbeitungszentren,CNC-Bearbeitungszentren,Drehmaschinen,Fräsmaschinen,Schleifmaschinen,CNC-Bearbeitungen,Fräsen,Metallbearbeitungen
FRANK Walz- und Schmiedetechnik GmbH,https://frank-original.com/,False,Komponenten für landwirtschaftliche Technik,OEM Produkte für landwirtschaftliche Maschinen,Verschleißteile,Biegemaschinen,Fräsmaschinen,Schweißmaschinen,Metallbearbeitungen,Schmieden,Stanzen
RAS Reinhardt Maschinenbau GmbH,https://www.ras-online.de,True,Biegemaschinen,Blechbearbeitungsmaschinen,Formmaschinen,Biegemaschinen,Blechbearbeitungsmaschinen,Schneidemaschinen,Biegen,Blechbearbeitungen,Metallbearbeitungen
Nosta GmbH,https://www.nosta.com,True,Befestigungselemente,Engineering-Lösungen,Lagerlösungen,CNC-Drehbänke,Fräsmaschinen,Montagemaschinen,Drehen,Fräsen,Kunststoffverarbeitungen
IMES-ICORE GmbH,http://www.imes-icore.de,True,3D Metal Printer,Automatisierungstechnik,Dental CAD/CAM Lösungen,3D Drucker,Drehmaschinen,Fräsmaschinen,3D-Druck,CNC-Bearbeitungen,Kunststoffverarbeitungen
Stephan Machinery GmbH,http://stephan-machinery.com/,False,Lösungen,Maschinen,Prozesslinien,Emulsifizierungsmaschinen,Homogenisierungsmaschinen,Kühlmaschinen,Aseptische Verarbeitungen,Emulsifizieren,Kühlen
SN Maschinenbau GmbH,,False,Beutelverpackungsmaschinen,Verpackungslösungen für Lebensmittel,Verpackungslösungen für Tiernahrung,Dosiersysteme,Mehrkopfwaagen,"horizontalen Form-, Füll- und Verschließmaschinen",Abfüllprozessen,Verpackungsprozessen,
NMH GmbH,https://www.nmh.de,True,Automatisierungstechnik,Fertigung,Kunststoffspritzguss,CNC-Bearbeitungsmaschinen,Drehmaschinen,Fräsmaschinen,CNC-Bearbeitungen,Drehen,Fräsen
Carl Benzinger GmbH,https://www.benzinger.de/index.php/de/,True,CNC-Maschinen,Drehmaschinen,Fräsmaschinen,Automationslösungen,Drehmaschinen,Fräsmaschinen,Hartdrehen,Hochglanzdrehen,Schleifen
Carl Hilzinger-Thum GmbH & Co. KG,www.hilzinger-thum.de,True,Gummiwalzen,Konstruktionsteile,Lohnfertigung,Drehmaschinen,Fräsmaschinen,Schweißmaschinen,Drehen,Fräsen,Kunststoffverarbeitungen
ELB-Schliff Werkzeugmaschinen GmbH,,True,Flachschleifmaschinen,Profilschleifmaschinen,Präzisionsflächen-Schleifmaschinen,Flachschleifmaschinen,Profilschleifmaschinen,Tiefschleifmaschinen,Läppen,Polieren,Präzisionsschleifen
D.W. Renzmann Apparatebau GmbH,https://www.dw-renzmann.de,True,CNC-Fräsmaschinen,Erodiermaschinen,Industriewaschmaschinen,Destillieranlagen,Erodiermaschinen,Fräsmaschinen,Destillation von Lösemitteln,Erodieren,Fräsen
Herbold Meckesheim GmbH,https://www.herbold.com,False,Anlagen zum Kunststoffrecycling,Granulieranlagen,Maschinen für die Verarbeitung von Kunststoffabfällen,Agglomeratoren,Granuliermaschinen,Waschmaschinen,Kunststoffverarbeitungen,Recycling,Waschen
Nakanishi Jaeger GmbH,http://www.nakanishi-jaeger.com,True,Automatisierungslösungen,E-Motoren,Hochfrequenzspindeln,Bohrmaschinen,Drehmaschinen,Erodiermaschinen,Gravieren,Metallbearbeitungen,Oberflächenbehandlungen
Kinetics Germany GmbH,https://www.kinetics.net/,False,Ausrüstungen,Prozessmodule,hochrentable Systeme,Montagemaschinen,Prüfmaschinen,Verarbeitungsmaschinen,Anlagenbau,Chemische Verarbeitungen,Installationsprozessen
VARIOVAC PS SystemPack GmbH,https://www.variovac.de/de/,False,Packungsprüfgeräte,Verbrauchsmaterialien,Verpackungsmaschinen,Abfüll- und Dosiersysteme,Packungsprüfgeräte,Verpackungsmaschinen,Kunststoffverarbeitungen,Montageprozessen,Verpackungsprozessen
Arku Maschinenbau GmbH,https://www.arku.com,True,Abkantmaschinen,Bandanlagen,Blechbearbeitungsmaschinen,Abkantpressen,Bandanlagen,Blechschneidemaschinen,Blechbearbeitungen,Coilverarbeitungen,Entgraten
Schwegler Werkzeugfabrik GmbH & Co. KG,http://www.schwegler.de,False,Insektenhotels,Laserbeschriftungen,Nistkästen,Bohrmaschinen,Fräsmaschinen,Schleifmaschinen,Holzbearbeitungen,Kunststoffverarbeitungen,Metallbearbeitungen
Ervin Germany GmbH,https://www.ervin.eu,True,AMACAST,AMACHROME,AMASTEEL,Automatische Maschinen,Blasmaschinen,Drehmaschinen,CNC-Bearbeitungen,Montagen,Oberflächenbehandlungen
Michael Hörauf Maschinenfabrik GmbH & Co. KG,,False,Buchdeckenmaschinen,Papierdeckelmaschinen,Verpackungsbecherlösungen,Bechermaschinen,Buchdeckenmaschinen,Containermaschinen,Papierverarbeitungen,Verpackungsproduktionen,
Arno GmbH,https://www.arno.de,True,Präzisionswerkzeuge,Werkzeuglösungen,Zerspanungswerkzeuge,Drehmaschinen,Fräsmaschinen,Schleifmaschinen,Metallbearbeitungen,Zerspanungen,
mimatic GmbH,https://www.mimatic.de/de/,False,Angetriebene Werkzeuge,Komplettlösungen,Zerspanungswerkzeuge,Drehmaschinen,Fräsmaschinen,Zerspanungsmaschinen,Bohren,Fräsen,Schneiden
Wemhöner Surface Technologies,https://www.wemhoener.de/,False,3D Pressen,Druck- und Lackier-Anlagen,Durchlaufpressen,Lackieranlagen,Montagemaschinen,Pressen,Holzbearbeitungen,Kunststoffverarbeitungen,
Hochrainer GmbH,https://www.hochrainer.com/,False,Automatisierungslösungen,Montageanlagen,Produktionsanlagen,Automatisierungstechniken,Montageanlagen,Produktionsanlagen,Automatisierungsprozessen,Fertigungsprozessen,Montageprozessen
ESMO Group,https://www.esmo-group.com,True,Automatisierungslösungen,Automatisierungstechnik,Handling-Systeme,Drehmaschinen,Erodiermaschinen,Fräsmaschinen,Automationen,Metallbearbeitungen,Montagen
Pittler T & S GmbH,https://www.dvs-technology.com,True,Automatisierungssysteme,Dreh- und Fräszentren,Drehmaschinen,Drehmaschinen,Erodiermaschinen,Fräsmaschinen,CNC-Bearbeitungen,Drehen,Fräsen
PINK GmbH Vakuumtechnik,https://www.pink-vak.de/de/,False,Helium-Dichtheitsprüfsysteme,UHV-Beschichtungssysteme,Vakuumkomponenten,CNC-Drehen,CNC-Fräsen,Schweißtechnik,Metallbearbeitungen,Reinraumservices,Thermische Behandlungen
OPS-INGERSOLL Funkenerosion GmbH,,False,Automation,Erodieren,Fräsen,Erodiermaschinen,Fräsmaschinen,,Metallbearbeitungen,,
BRUGG Rohrsysteme GmbH,www.bruggpipes.com,False,Bogen,CALPEX PUR-KING,CASAFLEX Fernwärmeleitungen,Biegemaschinen,Erodiermaschinen,Fräsmaschinen,Biegen,Isolierverfahren,Kunststoffverarbeitungen
Zimmermann Formenbau GmbH,https://www.ziform.de,True,Befestigungselemente,Lohnbearbeitung,Reparaturservice,Biegemaschinen,CNC-Bearbeitungszentren,Erodiermaschinen,CNC-Bearbeitungen,Erodieren,Metallbearbeitungen
Filigran Trägersysteme GmbH & Co. KG,https://www.filigran.de/,False,Betonstahl im Ring,FILIGRAN® Gitterträger,Gerichteter Betonstahl,,,,,,
Maschinenbau Lienenbrügger GmbH,,True,Aufarbeitung von Komponenten,Lohnfertigung,,Bohrmaschinen,Drehmaschinen,Fräsmaschinen,CNC-Bearbeitungen,Montagen,Schweißen
ADGA - Adolf Gampper GmbH,https://adga.de/de/,False,Ausstattungen,Holzgliedermaßstäbe,Werbeflächen,Fräsmaschinen,Montageanlagen,,Holzbearbeitungen,,
Bürener Maschinenfabrik GmbH,,True,Komponentenbau,Kunststoffverarbeitung,Kühlmittelanlagen,Erodiermaschinen,Fräsmaschinen,Spritzgießmaschinen,Fertigungen,Montagen,Spritzgießen
TEXPA Maschinenbau GmbH & Co. KG,https://texpa.de/,True,Bed linen,Table linen,Terry towels,Faltmaschinen,Hemmingmaschinen,Längenschneidemaschinen,Elektrische Fertigungen,Mechanische Fertigungen,Montagen
Deutsche Nickel GmbH,,True,Nickeldraht,Nickelstangen,Schweißzusatzwerkstoffe,Schweißmaschinen,Walzmaschinen,Ziehmaschinen,Schweißen,Walzen,Ziehen
A. MANNESMANN MASCHINENFABRIK GmbH,http://www.amannesmann.de,True,Bohr- und Frässpindeln,Fittings,Kugelgewindetriebe,Biegemaschinen,Bohrmaschinen,Fräsmaschinen,Biegen,Fräsen,Metallbearbeitungen
AMADA GmbH,http://www.amada.de/,False,Abkanttechnologie,Lasermaschinen,Stanzmaschinen,Biegemaschinen,Laserschneidmaschinen,Stanzmaschinen,Metallbearbeitungen,,
Stahlkontor GmbH & Co. KG,,True,Komponenten für die Luftfahrt,Panzerstähle für Wehr- und Schutztechnik,Teile und Baugruppen aus hochfesten Stählen,Biegepressen,Laseranlagen,Wasserstrahlschneidanlagen,Kaltverformen,Schneiden,Schweißen
WELLAND & TUXHORN AG,http://www.welland-tuxhorn.de/,False,Aktuatoren,Steuerventile,,,,,Metallbearbeitungen,,
H. Schickling GmbH,https://www.hschickling.de/,False,Kanten,Lasern,Oberflächenbeschichtung,Abkantmaschinen,CNC-Maschinen,Laserschneideanlagen,Abkanten,Laserschneiden,Schweißen
KOCH Industrieanlagen GmbH,https://www.koch-roboter.de,True,Automatisierungslösungen,Individuelle Anlagen,,Fördertechnik,Greifer,Steuerungssysteme,Kommissionierungen,Lackieren,Montagen
Maschinenfabrik Herbert Meyer GmbH,https://www.meyer-machines.com/,True,Fusing machines,Laminating machines,Scattering machines,Fusing presses,Heating presses,Laminating lines,Bonding,Coating,Molding
Datron AG,https://www.datron.de/,False,CNC Fräsmaschinen,Dosiersysteme,Erodiermaschinen,Dosiermaschinen,Erodiermaschinen,Fräsmaschinen,Erodieren,Fräsen,Kunststoffverarbeitungen
Leifeld Metal Spinning GmbH,https://leifeldms.com/,False,Flow-Forming-Maschinen,Shear-Forming-Maschinen,Spinningmaschinen,Metallformmaschinen,,,Flow Forming,Shear Forming,Spinning
Rudolf Flender Rohr GmbH,http://www.flender-rohr.de,True,Fittings,Komponenten,Präzisionsstahlrohre,Biegemaschinen,Drehmaschinen,Rohrschweißstraßen,Biegen,Drehen,HFI-längsnahtgeschweißte Verfahren
Flanschenwerk Bebitz GmbH,https://www.bebitz.de,True,Flansche,Schmiederinge,Schneidwerkzeuge,CNC-gesteuerte Maschinen,Drehmaschinen,Fräsmaschinen,CNC-Bearbeitungen,Oberflächenbearbeitungen,Schmiedefertigungen
PSM Protech GmbH & Co. KG,https://www.psm-protech.com/,True,Kunststoff-Metallverbundteile,Kunststoffspritzgussteile,hochpräzise Stanzteile,Fertigungssysteme,Spritzgussmaschinen,Stanzmaschinen,Montagen,Spritzgüsse,Stanzen
Werner Bayer GmbH Maschinenfabrik,www.bayer-maschinenfabrik.com,False,Anlagen,Dichtprüfgeräte,Maschinen,Drehmaschinen,Erodiermaschinen,Fräsmaschinen,Dichtheitsprüfungen,Fügen,Metallbearbeitungen
Sama Maschinenbau GmbH,https://sama.sacmi.com/,False,Technische Keramiken,Tischgeschirr,Werkzeuge,Druckgießmaschinen,Glasieranlagen,Isostatische Pressen,Druckgießen,Glasieren,Isostatisches Pressen
Christian Dunkel GmbH,https://www.werkzeugbau-dunkel.de/,True,Fertigung von Vorrichtungen,Maschinen für Pipeline-Montagen,Sondermaschinen,Erodiermaschinen,Fräsmaschinen,Spritzgussmaschinen,Kunststoffverarbeitungen,Metallbearbeitungen,
Steinbach & Vollmann GmbH,https://www.stuv.de/,False,Hochsicherheitsschlösser,Verschlusssysteme,Zugangslösungen,Erodiermaschinen,Fräsmaschinen,Montagemaschinen,Kunststoffverarbeitungen,Metallbearbeitungen,Montagen
VACUTEC Hochvakuum- & Präzisionstechnik GmbH,,False,Komplette Geräte,Präzisionsmechanik,Vakuumtechnologie,CNC Maschinen,Messmaschinen,,CNC Bearbeitungen,Erodieren,WIG Schweißen
UNION Werkzeugmaschinen GmbH Chemnitz,https://www.tu-chemnitz.de/,False,Forschung,Horizontal-Drehmaschinen,Lehre,Drehmaschinen,Fräsmaschinen,Schleifmaschinen,Drehen,Fräsen,Schleifen
a.i.m. all in metal GmbH,https://alles-in-metall.de/,True,Baugruppen,Karosseriebauteile,Verbindungselemente,Pressen,Schweißmaschinen,Werkzeugmaschinen,Fügetechniken,Umformtechniken,Werkzeugbau
Schmiedag GmbH,www.gmh-gruppe.de,True,Geschmiedete Produkte,Gießereiprodukte,Grüner Stahl,Drehmaschinen,Elektrolichtbogenöfen,Fräsmaschinen,Drehen,Fräsen,Gießen
TRUMPF Werkzeugmaschinen Teningen GmbH,https://www.trumpf.com/,False,Elektrowerkzeuge,Lasersysteme,Werkzeugmaschinen,Biegemaschinen,Laserschneidmaschinen,Stanzmaschinen,Additive Fertigungen,Metallbearbeitungen,Oberflächenbearbeitungen
Starcke GmbH & Co. KG,https://www.starcke.de,True,Schleifbänder,Schleifmaschinen,Schleifmittel,Erodiermaschinen,Fräsmaschinen,Schleifmaschinen,Fräsen,Holzbearbeitungen,Kunststoffverarbeitungen
Böhm Fertigungstechnik Suhl GmbH,http://www.boehm-fertigungstechnik.de/,False,,,,,,,,,
ALLTEC Angewandte Laserlicht Technologie GmbH,,False,Optische Inspektionslösungen,Track & Trace Lösungen,,Blisterkontrollsysteme,Kennzeichnungssysteme,Verifizierungssysteme,Qualitätskontrollen,Serialisierungen,Verpackungsprozessen
HAZEMAG & EPR GmbH,https://www.hazemag.com/de/,False,Förderanlagen,Siebanlagen,Zerkleinerungsanlagen,Hammerbrecher,Prallbrecher,Walzenbrecher,Mineralverarbeitungen,Recyclingprozessen,Zementverarbeitungen
TKR Spezialwerkzeuge GmbH,https://www.tkrgroup.com/,False,Dokumentationen,Sonderwerkzeuge,Support-Plattformen,,,,Dokumentationen,Entwicklungen,Fertigungen
Tillmann Werkzeugbau Profiltechnik GmbH,https://tillmann-gruppe.de/de/,False,Oberflächenveredelungen,"Profil-, Teile- und Komponentenfertigungen",lasergeschweißte Profilrohre,Profilieranlagen,,,Metallbearbeitungen,,
"Wilhelm König, Maschinenbau GmbH",https://koenig-mtm.de/,False,Schnellwechselsysteme,hydraulische Spannsysteme,mechanische Spannsysteme,Drehmaschinen,Fräsmaschinen,Hydrauliksysteme,Metallbearbeitungen,Montagen,Wartungen
Demmeler Maschinenbau GmbH & Co. KG,https://www.demmeler.com/de/,True,Automatisierungstechnik,Manipulatoren,Schweißtische,Erodiermaschinen,Fräsmaschinen,Schweißmaschinen,Metallbearbeitungen,Montagen,Schweißen
Frigoblock GmbH,https://www.frigoblock.com,False,Electric Transport Refrigeration Solutions,Kühlaggregate,Kühlanhänger,Kondensatoren,Kühlaggregate,Montagemaschinen,Kunststoffverarbeitungen,Kühlungen,Montagen
HEBENSTREIT GmbH,https://www.hebenstreit.de/de/,False,Extrusionsprodukte,Flachwaffeln,Hohlkörperwaffeln,Kühlanlagen,Teig-Herstellungsanlagen,Waffelbackautomaten,Backen,Kühlen,Schneiden
FLEX-Elektrowerkzeuge GmbH,https://www.flex-tools.com/,False,Akku-Elektrowerkzeuge,Nasssauger,Schutzpads,,,,,,
B. Ketterer Söhne GmbH & Co. KG,https://www.ketterer.de,False,BLDC-Motoren,Getriebemotoren,Hubsysteme,CNC-Drehmaschinen,Gewinde-Rollmaschinen,Zahnradmaschinen,CNC-Bearbeitungen,Gewinderollen,Montagen
MHS Schneidetechnik GmbH,https://mhs-schneidetechnik.de/de/,False,Hygienemaschinen,Portioniermaschinen,Schneidemaschinen,Portioniermaschinen,Schneidemaschinen,,Montagen,Wartungen,
Heckler Aktiengesellschaft,https://www.heckler.de,False,Automatische Waffen,Handfeuerwaffen,Kaltmassivumformung von Stahl,CNC-Bearbeitungszentren,Drehmaschinen,Fräsmaschinen,Kaltumformungen,Mechanische Nachbearbeitungen,Metallbearbeitungen
Künkel Wagner Germany GmbH,http://www.kuenkel-wagner.com,True,Kunststoffspritzguss,Montage,Moulding Plants,Montagemaschinen,Sand Preparation Systems,Spritzgussmaschinen,Metal Pouring Processes,Montagen,Moulding Processes
Wissler & Rademacher GmbH & Co. KG,http://www.wissler-rademacher.de,True,Druckgussteile,Formenbau,Maschinen,Drehmaschinen,Druckgießmaschinen,Erodiermaschinen,Bearbeitungen,CNC-Bearbeitungen,Gießen
Otto Martin Maschinenbau GmbH & Co. KG,https://martin.info/,False,Fräsen,Gebrauchtmaschinen,Holzbearbeitungsmaschinen,Fräsen,Fräsmaschinen,Hobeln,Fräsen,Holzbearbeitungen,Kunststoffbearbeitungen
Mühlbauer Maschinenbau GmbH,https://www.muehlbauer-runding.de/,True,Anlagenbau,Maschinenservice,Teilefertigung,Bearbeitungszentren,CNC-Maschinen,Schweißmaschinen,Montagen,Schweißen,Zerspanungen
Melzer Maschinenbau GmbH,http://www.melzermaschinenbau.de,True,Automatisierungstechnik,ID-Dokumente,RFID-Inlays,Drehmaschinen,Fräsmaschinen,Heißprägeanlagen,Fertigung von Präzisionsmaschinen,Metallbearbeitungen,Modulare Produktionen
Strothmann Machines & Handling GmbH,https://strothmann.com,True,Automatisierungslösungen,Fahrerlose Transportsysteme,Handling-Systeme,Förderanlagen,Montagesysteme,Portalmaschinen,Automatisierungen,Automatisierung von Pressenlinien,Materialtransport
MATO GmbH & Co. KG,https://www.mato.de,True,Fettpressen,Gurtinstandhaltung,Kopplungen,Blechbearbeitungsmaschinen,Drehmaschinen,Erodiermaschinen,Kunststoffverarbeitungen,Metallbearbeitungen,Oberflächenbehandlungen
Zeltwanger Maschinenbau GmbH,https://www.zeltwanger.de,True,Automatisierungslösungen,Dichtheitsprüfgeräte,Fertigungsdienstleistungen,Drehmaschinen,Fräsmaschinen,Montageautomaten,Fertigungen,Metallbearbeitungen,Montagen
R+R Maschinenbau GmbH,https://www.rr-maschinenbau.de/,False,Teilefertigung,Vorrichtungsbau,,CNC-Drehmaschinen,CNC-Fräsmaschinen,CNC-Schleifmaschinen,CNC-Drehen,CNC-Fräsen,Schleifen
Webomatic Maschinenfabrik GmbH,https://www.webomatic.de/,False,Schalensiegelmaschinen,Tiefziehmaschinen,Vakuumverpackungsmaschinen,Schalensiegelmaschinen,Thermoformer,Vakuummaschinen,Tiefziehen,Vakuumverpackungen,Verpackungsprozessen
SCHEUERMANN + HEILIG GmbH,www.sh-gmbh.de,True,Baugruppen,Federn,Kunststoffverarbeitung,Biegemaschinen,Drehmaschinen,Fräsmaschinen,Biegen,Blechbearbeitungen,CNC-Bearbeitungen
Deharde GmbH,,True,Aerospace,Precision Parts,Windkanalmodelle,Drehmaschinen,Erodiermaschinen,Fräsmaschinen,Montagen,Oberflächenbearbeitungen,Zerspanungsdienstleistungen
LINCOLN ELECTRIC DEUTSCHLAND GmbH,https://www.oerlikon-welding.com/,False,High Deposition Systems,Stick Welders,Welding Cobots,Automatisierungssysteme,Schutzgas-Schweißmaschinen,Schweißmaschinen,Schweißausbildungen,Schweißen,Weldfume Control
Treffler Maschinenbau GmbH & Co. KG,http://www.treffler.net,True,Agrartechnik,Auftragsfertigung,Holzbearbeitungsmaschinen,Biegemaschinen,CNC-Bearbeitungszentren,Fertigungsmaschinen,CNC-Bearbeitungen,CNC-Technik,Laserschneiden
Kunzmann Fraesmaschinen GmbH,http://www.kunzmann-fraesmaschinen.de,True,Bearbeitungszentren,Digitalisierungsprodukte,Erodiermaschinen,Bohrmaschinen,Erodiermaschinen,Fräsmaschinen,Fertigungen,Metallbearbeitungen,Zerspanungen
Schnupp GmbH & Co. Hydraulik KG,https://www.schnupp.de,True,Automatisierung,Hydraulik,Sondermaschinen,CNC Drehmaschinen,CNC Fräsmaschinen,Drehmaschinen,CNC-Bearbeitungen,Fertigungstechniken,Metallbearbeitungen
OTEC Präzisionsfinish GmbH,https://www.otec.de,False,Electrofinish,Entgratungssysteme,Gleitschleifen,Elektropoliermaschinen,Gleitschleifmaschinen,Poliermaschinen,Entgratungen,Nassbearbeitungen,Oberflächenbearbeitungen
FAUDI GmbH,www.faudi.de,False,Automatikfilter,Bandfilter,Entstaubungsanlagen,Blechbearbeitungsmaschinen,Drehmaschinen,Fräsmaschinen,Kühlschmierstofffiltrationen,Metallbearbeitungen,Oberflächenbehandlungen
Zeck Holding GmbH,www.zeck-gmbh.com,False,Anlagen für die Betonverarbeitung,Equipment for Overhead Transmission Lines,Lösungen für die Bauindustrie,Betonmischanlagen,Formmaschinen,Förderanlagen,Betonbearbeitungen,Fertigung von Maschinen,Gießen
Gerhard Schubert GmbH,https://www.schubert.group,False,Automatisierungslösungen,Beratungsdienstleistungen,Intralogistiksysteme,Automatisierungssysteme,Pick and Place Maschinen,Transportsysteme,Abfüllen,Materialhandling,Montagen
atg Luther & Maelzer GmbH,https://www.mycronic.com,False,Bare board testing,Bestückungsmaschinen,Dispensing and coating,Bestückungsmaschinen,Dispensiermaschinen,Druckmaschinen,Bestückungen,Dispensierungen,Druck
Wassermann Group,www.wassermann-group.com,True,Automatisierungslösungen,,,Erodiermaschinen,Fräsmaschinen,Spritzgießmaschinen,Kunststoffverarbeitungen,Metallbearbeitungen,
Helmerding hiw Maschinen GmbH,www.helmerding.de,True,Automatisierungslösungen,Bandanlagen,Industrielle Anlagen,Drehmaschinen,Erodiermaschinen,Fräsmaschinen,Automatisierungstechniken,CNC-Bearbeitungen,Metallbearbeitungen
METALOCK ENGINEERING GERMANY GMBH,www.metalockengineering.com,True,Engineering-Dienstleistungen,Messtechnik,Reparaturen an Gussteilen,CNC-Maschinen,Erodiermaschinen,Fräsmaschinen,CNC-Bearbeitungen,Mechanische Bearbeitungen,Metallbearbeitungen
Hutchinson Stop-Choc,,False,Aktive Schwingungsdämpfung,Ganzmetallkissen,,,,,,,
"Baldwin Technology Company, Inc.",https://www.baldwintech.com,False,Automatisierungslösungen,Drucksysteme,Precision Spray,Druckmaschinen,Reinigungsanlagen,Spritzanlagen,Druckverfahren,Elektronikmontagen,Filmextrusionen
FGM Fritz Gradert Maschinenbau GmbH & Co. KG,http://www.fgm-gradert.de/,True,Sondermaschinen,Walzen,Zylinder,Drehmaschinen,Fräsmaschinen,Schleifmaschinen,Mechanische Fertigungen,Schweißtechniken,Wärmebehandlungen
ThermoTex Nagel GmbH,www.thermo-tex.de,True,Heizsysteme,RFID-Technologie,Sonderlösungen,Montagemaschinen,Patchmaschinen,Spritzgussmaschinen,Montagen,RFID-Identifikationen,Spritzgüsse
Günter Effgen GmbH,http://www.effgen.com,True,Abrichtwerkzeuge,Blechbearbeitungen,Hochharte Schleifwerkzeuge,Biegemaschinen,CNC-Maschinen,Fräsmaschinen,Abrichten,Blechbearbeitungen,Montagen
LAWECO Maschinen- und Apparatebau GmbH,http://www.laweco.de,True,Hebesysteme,Hubtische,Kunststoffverarbeitung,Drehmaschinen,Elektromechanische Systeme,Erodiermaschinen,Blechbearbeitungen,CNC-Bearbeitungen,Konstruktionen
AVS Aggregatebau GmbH,,False,Blockheizkraftwerke,Lichtmastanlagen,Stromaggregate,Lackieranlagen,Montageeinrichtungen,Prüfstände,Lackierungen,Montagen,Prüfungen
Heidenreich & Harbeck GmbH,https://www.hh-moelln.de/,True,Entwicklungsdienstleistungen,Gussteile,Modellbau,Bearbeitungsmaschinen,Fräsmaschinen,Gießmaschinen,Bearbeitungsprozessen,Modellbau,Sandgussverfahren
A. & C. KOSIK GmbH,https://www.kosik.de/,True,Druckapparate,Rohrleitungen,Sondermaschinen,Drehmaschinen,Fräsmaschinen,Schweißmaschinen,Fertigung von Druckapparaten,Montagen,Schweißen
FKT Formenbau und Kunststofftechnik GmbH,https://www.fkt-triptis.de,True,3D-Messtechnik,Kunststoffteile,Lohnfertigung,CNC-Drehmaschinen,Drehmaschinen,Fräsmaschinen,CNC-Bearbeitungen,Drehen,Fräsen
Sandvik Mining,https://www.rocktechnology.sandvik/,False,Mining Equipment,Parts,Services,Bergbaumaschinen,Bohrgeräte,Lader,Elektrolysen,Mechanisches Schneiden,Montagen
Wohlhaupter GmbH,https://www.wohlhaupter.de,True,Bohren und Fräsen,Bohrwerkzeuge,Fräswerkzeuge,Bohren,Bohrmaschinen,Erodiermaschinen,Bohren,Fräsen,Metallbearbeitungen
Concada GmbH,www.concad-gmbh.de,True,Kunststoffprodukte,Metallkomponenten,Montagedienstleistungen,Blechbearbeitungsmaschinen,Fräsmaschinen,Laseranlagen,Blechbearbeitungen,CNC-Bearbeitungen,Metallbearbeitungen
TBT Tiefbohrtechnik GmbH + Co,https://www.tbt.de,True,Erodiermaschinen,Fräsmaschinen,Lohnfertigung,Erodiermaschinen,Fräsmaschinen,Tiefbohrmaschinen,Fräsen,Hochleistungs-Präzisions-Bohren,Metallbearbeitungen
Altrad Lescha Atika GmbH,https://www.lescha-atika.de/,False,Betonmischer,Garten- und Holzbearbeitungsmaschinen,Mörtelmischer,Betonmischmaschinen,Rührmaschinen,Schweißmaschinen,Holzbearbeitungen,Metallbearbeitungen,Montagen
MetallArt Treppen GmbH,www.metallart-treppen.de,True,Balkone,Geländer,Sonderkonstruktionen,Biegemaschinen,Fräsmaschinen,Laserschneidanlagen,3D CAD-Planungen,BIM-Planungen,Fräsen
FELO-Werkzeugfabrik GmbH,https://www.felo.com/,False,Bits,Schraubendreher,Zangen,Erodiermaschinen,Fräsmaschinen,,Kunststoffverarbeitungen,Metallbearbeitungen,
AUTOSPLICE Europe GmbH,https://www.autosplice.com,True,Automatisierungslösungen,Baugruppenfertigung,Drawn Wire Pins,Automatisierte Bestückungsmaschinen,Einschubmaschinen,Flussmittelauftragsmaschinen,Automatisierte Montagen,Bestückung von Leiterplatten,Kabelkonfektionierungen
Horn Glass Industries AG,https://www.hornglass.com/de/,True,Designglas,Glaskonditionierungsanlagen,Isolierglas,Abgas-Umsteueranlagen,Brenner,Drossboxen,Automatisierungen,Glasbearbeitungen,Konditionieren
TBi Industries GmbH,https://www.tbi-industries.com/,False,Cooling units,Protective clothing,Welding torches,Cooling systems,Extraction units,Welding machines,Metallbearbeitungen,,
Finke Formenbau GmbH,https://www.finke-formenbau.de/,True,Druckgussformen,Spritzgussformen,Stanz- und Umformwerkzeuge,Erodiermaschinen,Fräsmaschinen,Spritzmaschinen,Erodieren,Fräsen,Spritzgießen
SAT Anlagentechnik GmbH,https://www.sat-sterling.com/,False,Testsysteme,automatisierte Füllsysteme,automatisierte Klebetechnologien,Füllmaschinen,Klebemaschinen,Testmaschinen,Automatisierungstechniken,Montageprozessen,
ABI Maschinenfabrik und Vertriebsgesellschaft mbH,https://www.abi-gmbh.com/,False,ABI MOBILRAM,Baggeranbaugeräte,DELMAG Drehbohranlagen,Bagger,Bohrgeräte,Hydraulikmaschinen,Bohren,Mischen,Rammen
Zasche handling GmbH,https://www.zasche.de,True,Blechbearbeitung,Hebezeuge,Krananlagen,Abkantpressen,Biegemaschinen,CNC-Fräsmaschinen,Biegen,Fertigungen,Montagen
Christ Packing Systems GmbH & Co. KG,https://www.christ-ps.com,True,Automatisierungslösungen,Pharma Verpackungslösungen,Prüfstandslösungen,Drehmaschinen,Erodiermaschinen,Folienmaschinen,Automatisierungen,Metallbearbeitungen,Montagen
Caisley International GmbH,https://www.caisley.de/,False,Identifizierungslösungen für Rinder,Identifizierungslösungen für Schafe und Ziegen,Identifizierungslösungen für Schweine,Automatisierte Fertigungsanlagen,Laserbeschriftungsmaschinen,Spritzgussmaschinen,Kunststoffverarbeitungen,Laserbeschriftungen,Montageprozessen
IDEAL - Werk C. + E. Jungeblodt,https://www.ideal-werk.com,False,Befestigungssysteme,Schneidemaschinen,Schweißmaschinen,Fräsmaschinen,Gitterschweißmaschinen,Koordinatenschweißmaschinen,Automatisierte Blechverarbeitungen,Kunststoffverarbeitungen,Laserschweißen
Maschinenfabrik Bermatingen GmbH & Co. KG,,True,Laserdienstleistungen,Pressen zur Volumenreduzierung,humus Mulchgeräte,Biegemaschinen,Laserschneidanlagen,Schweißanlagen,Blechbearbeitungen,Laserbearbeitungen,Metallbearbeitungen
Güdel Germany GmbH,https://www.gudel.com,False,Automatisierungslösungen,Gearboxes,Linear axis and gantries,Automatisierungssysteme,Förderanlagen,,Automatisierungen,Logistik,Montagen
ATLANTA Antriebssysteme GmbH,http://atlantagmbh.de,True,Erodiermaschinen,Fräsmaschinen,Hubantriebe,Drehmaschinen,Erodiermaschinen,Fräsmaschinen,Kunststoffverarbeitungen,Metallbearbeitungen,Oberflächenbearbeitungen
Maucher Formenbau GmbH & Co. KG,https://www.maucher-kg.de/,False,CNC-Bearbeitungsmaschinen,Kunststoffteile,Werkzeuge,CNC-Maschinen,Spritzgussmaschinen,Vakuumtiefziehmaschinen,Spritzgüsse,Vakuumtiefziehen,textiles Umformen
Ostseestaal GmbH & Co. KG,http://www.ostseestaal.de/,False,3D-Kaltformteile,Komplexe Formen,Solarbetriebenen Schiffe,Biegemaschinen,Fräsmaschinen,Schweißmaschinen,Kaltformen,Schweißen,Zuschneiden
